Aaron,Noun,|Aarons|
Abaddon,Noun,|Abaddons|
Abagtha,Noun,|Abagthas|
abba,Noun,|abbas|
Abda,Noun,|Abdas|
Abdon,Noun,|Abdons|
Abednego,Noun,|Abednegos|
Abel,Noun,|Abels|
Abel-Meholah,Noun,|Abel-Meholahs|
Abi-Albon,Noun,|Abi-Albons|
Abiasaph,Noun,|Abiasaphs|
Abiathar,Noun,|Abiathars|
Abib,Noun,|Abibs|
Abida,Noun,|Abidas|
Abiel,Noun,|Abiels|
Abiezer,Noun,|Abiezers|
Abiezrite,Noun,|Abiezrites|
Abigail,Noun,|Abigails|
Abihail,Noun,|Abihails|
Abihu,Noun,|Abihus|
Abihud,Noun,|Abihuds|
Abijah,Noun,|Abijahs|
Abilene,Noun,|Abilenes|
Abimael,Noun,|Abimaels|
Abimelech,Noun,|Abimeleches|
Abimelek,Noun,|Abimeleks|
Abinadab,Noun,|Abinadabs|
Abinoam,Noun,|Abinoams|
Abishag,Noun,|Abishags|
Abishai,Noun,|Abishais|
Abital,Noun,|Abitals|
Abner,Noun,|Abners|
Abraham,Noun,|Abrahams|
Abram,Noun,|Abrams|
Absalom,Noun,|Absaloms|
Acacia,Noun,|Acacias|
Acbor,Noun,|Acbors|
Achaia,Noun,|Achaias|
Achan,Noun,|Achans|
Achim,Noun,|Achims|
Achish,Noun,|Achishes|
Achor,Noun,|Achors|
acre,Noun,|acres|
Acsah,Noun,|Acsahs|
action,Noun,|actions|
activity,Noun,|activities|
Acts,Noun,|Acts|
Aczib,Noun,|Aczibs|
Adadah,Noun,|Adadahs|
Adah,Noun,|Adahs|
Adaiah,Noun,|Adaiahs|
Adalia,Noun,|Adalias|
Adam,Noun,|Adams|
Adamah,Noun,|Adamahs|
Adar,Noun,|Adars|
Adbeel,Noun,|Adbeels|
Addar,Noun,|Addars|
Addi,Noun,|Addis|
Addon,Noun,|Addons|
Adin,Noun,|Adins|
Adithaim,Noun,|Adithaims|
Admah,Noun,|Admahs|
Admatha,Noun,|Admathas|
Admin,Noun,|Admins|
Adna,Noun,|Adnas|
Adoni-Bezek,Noun,|Adoni-Bezeks|
Adoni-Zedek,Noun,|Adoni-Zedeks|
Adonijah,Noun,|Adonijahs|
Adonikam,Noun,|Adonikams|
Adoniram,Noun,|Adonirams|
Adramyttium,Noun,|Adramyttiums|
Adriel,Noun,|Adriels|
Adullam,Noun,|Adullams|
adult,Noun,|adults|
adultery,Noun,|adultery|
advice,Noun,|advice|
adviser,Noun,|advisers|
Aeneas,Noun,|Aeneases|
Aenon,Noun,|Aenons|
afternoon,Noun,|afternoons|
Agabus,Noun,|Agabuses|
Agag,Noun,|Agags|
Agagite,Noun,|Agagites|
age,Noun,|ages|
Agee,Noun,|Agees|
agreement,Noun,|agreements|
Agrippa,Noun,|Agrippas|
Agur,Noun,|Agurs|
Agus,Noun,|Aguses|
Ahab,Noun,|Ahabs|
Ahasbai,Noun,|Ahasbais|
Ahaz,Noun,|Ahazs|
Ahiah,Noun,|Ahiahs|
Ahiam,Noun,|Ahiams|
Ahijah,Noun,|Ahijahs|
Ahilud,Noun,|Ahiluds|
Ahimaaz,Noun,|Ahimaazs|
Ahiman,Noun,|Ahimans|
Ahimelek,Noun,|Ahimeleks|
Ahinadab,Noun,|Ahinadabs|
Ahinoam,Noun,|Ahinoams|
Ahio,Noun,|Ahios|
Ahishar,Noun,|Ahishars|
Ahithophel,Noun,|Ahithophels|
Ahitub,Noun,|Ahitubs|
Ahlab,Noun,|Ahlabs|
Ahoh,Noun,|Ahohs|
Ahohi,Noun,|Ahohis|
Ahuzzath,Noun,|Ahuzzaths|
Ahzai,Noun,|Ahzais|
Ai,Noun,|Ais|
Aiah,Noun,|Aiahs|
AIDS,Noun,|AIDS|
Aija,Noun,|Aijas|
Aijalon,Noun,|Aijalons|
Ain,Noun,|Ains|
air,Noun,|air|
Ajani,Noun,|Ajanis|
Akan,Noun,|Akans|
Akbor,Noun,|Akbors|
Akeldama,Noun,|Akeldamas|
Akim,Noun,|Akims|
Akkad,Noun,|Akkads|
Akko,Noun,|Akkos|
Akkub,Noun,|Akkubs|
Aksah,Noun,|Aksahs|
Akshaph,Noun,|Akshaphs|
Akzib,Noun,|Akzibs|
alabaster,Noun,|alabaster|
alcohol,Noun,|alcohol|
Alex,Noun,|Alexes|
Alexander,Noun,|Alexanders|
Alexandria,Noun,|Alexandrias|
Allammelek,Noun,|Allammeleks|
Almodad,Noun,|Almodads|
Almon,Noun,|Almons|
almond,Noun,|almonds|
aloe,Noun,|aloes|
Aloth,Noun,|Aloths|
Alphaeus,Noun,|Alphaeuses|
altar,Noun,|altars|
Alvah,Noun,|Alvahs|
Alvan,Noun,|Alvans|
Amad,Noun,|Amads|
Amalek,Noun,|Amaleks|
Amalekite,Noun,|Amalekites|
Amam,Noun,|Amams|
Amariah,Noun,|Amariahs|
Amasa,Noun,|Amasas|
Amashsai,Noun,|Amashsais|
Amittai,Noun,|Amittais|
Ammah,Noun,|Ammahs|
Ammiel,Noun,|Ammiels|
Ammihud,Noun,|Ammihuds|
Amminadab,Noun,|Amminadabs|
Ammon,Noun,|Ammons|
Ammonite,Noun,|Ammonites|
Amnon,Noun,|Amnons|
Amok,Noun,|Amoks|
Amon,Noun,|Amons|
Amorite,Noun,|Amorites|
Amos,Noun,|Amoses|
amount,Noun,|amounts|
Amphipolis,Noun,|Amphipolises|
Amram,Noun,|Amrams|
Amraphel,Noun,|Amraphels|
Amzi,Noun,|Amzis|
Anab,Noun,|Anabs|
Anah,Noun,|Anahs|
Anaharath,Noun,|Anaharaths|
Anaiah,Noun,|Anaiahs|
Anak,Noun,|Anaks|
Anakite,Noun,|Anakites|
Anamite,Noun,|Anamites|
Anan,Noun,|Anans|
Ananiah,Noun,|Ananiahs|
Ananias,Noun,|Ananiases|
Anath,Noun,|Anaths|
Anathoth,Noun,|Anathoths|
ancestor,Noun,|ancestors|
Andrew,Noun,|Andrews|
Aner,Noun,|Aners|
angel,Noun,|angels|
anger,Noun,|anger|
Anim,Noun,|Anims|
animal,Noun,|animals|
ankle,Noun,|ankles|
Anna,Noun,|Annas|
Annas,Noun,|Annases|
answer,Noun,|answers|
ant,Noun,|ants|
Antioch,Noun,|Antioches|
Antipas,Noun,|Antipases|
Antipatris,Noun,|Antipatrises|
ape,Noun,|apes|
Aphek,Noun,|Apheks|
Aphekah,Noun,|Aphekahs|
Aphekk,Noun,|Aphekks|
Aphiah,Noun,|Aphiahs|
Apollonia,Noun,|Apollonias|
Apollos,Noun,|Apolloses|
apostle,Noun,|apostles|
Apphia,Noun,|Apphias|
Appius,Noun,|Appiuses|
apple,Noun,|apples|
April,Noun,|Aprils|
Aquila,Noun,|Aquilas|
Arab,Noun,|Arabs|
Arabah,Noun,|Arabahs|
Arabia,Noun,|Arabias|
Arad,Noun,|Arads|
Arah,Noun,|Arahs|
Aram,Noun,|Arams|
Aramaic,Noun,|Aramaics|
Aramean,Noun,|Arameans|
Aran,Noun,|Arans|
Ararat,Noun,|Ararats|
Araunah,Noun,|Araunahs|
Arba,Noun,|Arbas|
Arbah,Noun,|Arbahs|
Archelaus,Noun,|Archelauses|
Archippus,Noun,|Archippuses|
Ard,Noun,|Ards|
area,Noun,|areas|
Areli,Noun,|Arelis|
Areopagus,Noun,|Areopagus|
Argob,Noun,|Argobs|
argument,Noun,|arguments|
Aridai,Noun,|Aridais|
Aridatha,Noun,|Aridathas|
Arimathea,Noun,|Arimatheas|
Arioch,Noun,|Arioches|
Arisai,Noun,|Arisais|
Aristarchus,Noun,|Aristarchuses|
ark,Noun,|arks|
Arkite,Noun,|Arkites|
arm,Noun,|arms|
Armoni,Noun,|Armonis|
armor,Noun,|armor|
army,Noun,|armies|
Arni,Noun,|Arnis|
Arnon,Noun,|Arnons|
Arodi,Noun,|Arodis|
Aroer,Noun,|Aroers|
Arphaxad,Noun,|Arphaxads|
arrow,Noun,|arrows|
Artabanus,Noun,|Artabanuses|
Artaxerxes,Noun,|Artaxerxeses|
Artemas,Noun,|Artemases|
Artemis,Noun,|Artemises|
Arubboth,Noun,|Arubboths|
Arumah,Noun,|Arumahs|
Arvadite,Noun,|Arvadites|
Asa,Noun,|Asas|
Asahel,Noun,|Asahels|
Asaph,Noun,|Asaphs|
Asenath,Noun,|Asenaths|
ash,Noun,|ashes|
Ashan,Noun,|Ashans|
Ashbel,Noun,|Ashbels|
Ashdod,Noun,|Ashdods|
Asher,Noun,|Ashers|
Asherah,Noun,|Asherahs|
Ashkelon,Noun,|Ashkelons|
Ashkenaz,Noun,|Ashkenazs|
Ashnah,Noun,|Ashnahs|
Ashpenaz,Noun,|Ashpenazs|
Ashtaroth,Noun,|Ashtaroths|
Ashtoreth,Noun,|Ashtoreths|
Ashuri,Noun,|Ashuris|
Ashurite,Noun,|Ashurites|
Asia,Noun,|Asias|
Aspatha,Noun,|Aspathas|
Asriel,Noun,|Asriels|
Asshur,Noun,|Asshurs|
Assir,Noun,|Assirs|
Assos,Noun,|Assoses|
Assyria,Noun,|Assyrias|
astrologer,Noun,|astrologers|
Atad,Noun,|Atads|
Ataroth,Noun,|Ataroths|
Ater,Noun,|Aters|
Athaiah,Noun,|Athaiahs|
Athak,Noun,|Athaks|
Athens,Noun,|Athenses|
Attalia,Noun,|Attalias|
Augustus,Noun,|Augustuses|
authority,Noun,|authority|
Avith,Noun,|Aviths|
Aviv,Noun,|Avivs|
Avvim,Noun,|Avvims|
Avvite,Noun,|Avvites|
axe,Noun,|axes|
Azaniah,Noun,|Azaniahs|
Azarel,Noun,|Azarels|
Azariah,Noun,|Azariahs|
Azbuk,Noun,|Azbuks|
Azekah,Noun,|Azekahs|
Azgad,Noun,|Azgads|
Azmaveth,Noun,|Azmaveths|
Azmon,Noun,|Azmons|
Azor,Noun,|Azors|
Azotus,Noun,|Azotuses|
Azrikam,Noun,|Azrikams|
Azzur,Noun,|Azzurs|
Baal,Noun,|Baals|
Baal-Hanan,Noun,|Baal-Hanans|
Baalah,Noun,|Baalahs|
Baalath,Noun,|Baalaths|
Baana,Noun,|Baanas|
Baanah,Noun,|Baanahs|
Babel,Noun,|Babels|
baby,Noun,|babies|
Babylon,Noun,|Babylons|
Babylonia,Noun,|Babylonias|
Babylonian,Noun,|Babylonians|
back,Noun,|backs|
bag,Noun,|bags|
Bahurim,Noun,|Bahurims|
Bakbuk,Noun,|Bakbuks|
Bakbukiah,Noun,|Bakbukiahs|
Balaam,Noun,|Balaams|
Balah,Noun,|Balahs|
Balak,Noun,|Balaks|
bamboo,Noun,|bamboo|
bandage,Noun,|bandages|
Bani,Noun,|Banis|
bank,Noun,|banks|
Baptist,Noun,|Baptists|
bar,Noun,|bars|
Bar-Jesus,Noun,|Bar-Jesuses|
Barabbas,Noun,|Barabbases|
Barak,Noun,|Baraks|
Barhum,Noun,|Barhums|
bark,Noun,|bark|
Barkos,Noun,|Barkoses|
barley,Noun,|barley|
barn,Noun,|barns|
Barnabas,Noun,|Barnabases|
Barsabbas,Noun,|Barsabbases|
Bartholomew,Noun,|Bartholomews|
Bartimaeus,Noun,|Bartimaeuses|
Baruch,Noun,|Baruches|
Barzillai,Noun,|Barzillais|
Basemath,Noun,|Basemaths|
Bashan,Noun,|Bashans|
basket,Noun,|baskets|
bathroom,Noun,|bathrooms|
Bathsheba,Noun,|Bathshebas|
battle,Noun,|battles|
battlefield,Noun,|battlefields|
Bazluth,Noun,|Bazluths|
beak,Noun,|beaks|
Bealoth,Noun,|Bealoths|
beam,Noun,|beams|
bean,Noun,|beans|
bear,Noun,|bears|
beard,Noun,|beards|
beast,Noun,|beasts|
Beautiful,Noun,|Beautifuls|
Bebai,Noun,|Bebais|
Becorath,Noun,|Becoraths|
bed,Noun,|beds|
Bedad,Noun,|Bedads|
bedroom,Noun,|bedrooms|
bee,Noun,|bees|
Beelzebul,Noun,|Beelzebuls|
beer,Noun,|beer|
Beer,Noun,|Beers|
Beer-Lahai-Roi,Noun,|Beer-Lahai-Rois|
Beeri,Noun,|Beeris|
Beeroth,Noun,|Beeroths|
Beersheba,Noun,|Beershebas|
beginning,Noun,|beginnings|
beka,Noun,|bekas|
Beker,Noun,|Bekers|
Bekorath,Noun,|Bekoraths|
Bela,Noun,|Belas|
believer,Noun,|believers|
Belshazzar,Noun,|Belshazzars|
belt,Noun,|belts|
Belteshazzar,Noun,|Belteshazzars|
Ben-Abinadab,Noun,|Ben-Abinadabs|
Ben-Ammi,Noun,|Ben-Ammis|
Ben-Deker,Noun,|Ben-Dekers|
Ben-Geber,Noun,|Ben-Gebers|
Ben-Hesed,Noun,|Ben-Heseds|
Ben-Hur,Noun,|Ben-Hurs|
Ben-Oni,Noun,|Ben-Onis|
Benaiah,Noun,|Benaiahs|
Beninu,Noun,|Beninus|
Benjamin,Noun,|Benjamins|
Benjamite,Noun,|Benjamites|
Beor,Noun,|Beors|
Bera,Noun,|Beras|
Berea,Noun,|Bereas|
Bered,Noun,|Bereds|
Berekiah,Noun,|Berekiahs|
Beriah,Noun,|Beriahs|
Berite,Noun,|Berites|
Bernice,Noun,|Bernices|
Beroth,Noun,|Beroths|
Berothai,Noun,|Berothais|
berry,Noun,|berries|
Besai,Noun,|Besais|
Besodeiah,Noun,|Besodeiahs|
Besor,Noun,|Besors|
Beten,Noun,|Betens|
Beth-Anath,Noun,|Beth-Anaths|
Beth-Barah,Noun,|Beth-Barahs|
Beth-Shan,Noun,|Beth-Shans|
Beth-Shemesh,Noun,|Beth-Shemeshes|
Beth-Shittah,Noun,|Beth-Shittahs|
Bethany,Noun,|Bethanies|
Bethel,Noun,|Bethels|
Bethesda,Noun,|Bethesdas|
Bethlehem,Noun,|Bethlehems|
Bethphage,Noun,|Bethphages|
Bethsaida,Noun,|Bethsaidas|
Bethuel,Noun,|Bethuels|
Bethul,Noun,|Bethuls|
Betonim,Noun,|Betonims|
Bezai,Noun,|Bezais|
Bezek,Noun,|Bezeks|
Bezer,Noun,|Bezers|
Bigtha,Noun,|Bigthas|
Bigthana,Noun,|Bigthanas|
Bigvai,Noun,|Bigvais|
Bikri,Noun,|Bikris|
Bilgah,Noun,|Bilgahs|
Bilgai,Noun,|Bilgais|
Bilhah,Noun,|Bilhahs|
Bilhan,Noun,|Bilhans|
bill,Noun,|bills|
Bilshan,Noun,|Bilshans|
Binnui,Noun,|Binnuis|
bird,Noun,|birds|
Birsha,Noun,|Birshas|
birth,Noun,|births|
birthday,Noun,|birthdays|
Bithynia,Noun,|Bithynias|
Biziothiah,Noun,|Biziothiahs|
Biztha,Noun,|Bizthas|
blade,Noun,|blades|
blanket,Noun,|blankets|
Blastus,Noun,|Blastuses|
bleach,Noun,|bleach|
blessing,Noun,|blessings|
block,Noun,|blocks|
blood,Noun,|blood|
Boanerges,Noun,|Boanergeses|
board,Noun,|boards|
boat,Noun,|boats|
Boaz,Noun,|Boazs|
body,Noun,|bodies|
Bohan,Noun,|Bohans|
boil,Noun,|boils|
Bokim,Noun,|Bokims|
bone,Noun,|bones|
book,Noun,|books|
border,Noun,|borders|
boss,Noun,|bosses|
bottom,Noun,|bottoms|
bow,Noun,|bows|
bowl,Noun,|bowls|
box,Noun,|boxes|
boy,Noun,|boys|
Bozez,Noun,|Bozezs|
Bozkath,Noun,|Bozkaths|
Bozrah,Noun,|Bozrahs|
bracelet,Noun,|bracelets|
branch,Noun,|branches|
bread,Noun,|bread|
breast,Noun,|breasts|
breast-milk,Noun,|breast-milk|
breastplate,Noun,|breastplates|
bribe,Noun,|bribes|
brick,Noun,|bricks|
bride,Noun,|brides|
bridle,Noun,|bridles|
bronze,Noun,|bronze|
brother,Noun,|brothers|
brother-in-law,Noun,|brother-in-laws|
bucket,Noun,|buckets|
building,Noun,|buildings|
Bul,Noun,|Buls|
bull,Noun,|bulls|
Bunni,Noun,|Bunnis|
bush,Noun,|bushes|
butter,Noun,|butter|
Buz,Noun,|Buzs|
Byblos,Noun,|Bybloses|
Cabbon,Noun,|Cabbons|
Caesar,Noun,|Caesars|
Caesarea,Noun,|Caesareas|
cage,Noun,|cages|
Caiaphas,Noun,|Caiaphases|
Cain,Noun,|Cains|
Cainan,Noun,|Cainans|
cake,Noun,|cakes|
Calah,Noun,|Calahs|
Caleb,Noun,|Calebs|
calf,Noun,|calves|
Calneh,Noun,|Calnehs|
camel,Noun,|camels|
camp,Noun,|camps|
Cana,Noun,|Canas|
Canaan,Noun,|Canaans|
Canaanite,Noun,|Canaanites|
Candace,Noun,|Candaces|
candle,Noun,|candles|
Capernaum,Noun,|Capernaums|
Caphtorite,Noun,|Caphtorites|
capital,Noun,|capitals|
Cappadocia,Noun,|Cappadocias|
captain,Noun,|captains|
Carcas,Noun,|Carcases|
Carmel,Noun,|Carmels|
Carmi,Noun,|Carmis|
carpenter,Noun,|carpenters|
Carshena,Noun,|Carshenas|
Casluhite,Noun,|Casluhites|
castanet,Noun,|castanets|
cat,Noun,|cats|
cattle,Noun,|cattle|
Cauda,Noun,|Caudas|
cave,Noun,|caves|
cedar,Noun,|cedar|
cemetery,Noun,|cemeteries|
Cenchrea,Noun,|Cenchreas|
center,Noun,|centers|
centimeter,Noun,|centimeters|
centurion,Noun,|centurions|
Cephas,Noun,|Cephases|
chaff,Noun,|chaff|
chain,Noun,|chains|
chair,Noun,|chairs|
Chaldea,Noun,|Chaldeas|
Chaldean,Noun,|Chaldeans|
chapter,Noun,|chapters|
characteristic,Noun,|characteristics|
chariot,Noun,|chariots|
chasm,Noun,|chasms|
cheek,Noun,|cheeks|
cheese,Noun,|cheese|
Chemosh,Noun,|Chemoshes|
cherub,Noun,|cherubim|
chest,Noun,|chests|
chicken,Noun,|chickens|
chief,Noun,|chiefs|
Chief,Noun,|Chiefs|
child,Noun,|children|
Chios,Noun,|Chioses|
choice,Noun,|choices|
choir,Noun,|choirs|
Chorazin,Noun,|Chorazins|
Christ,Noun,|Christs|
Christian,Noun,|Christians|
church,Noun,|churches|
Chuza,Noun,|Chuzas|
Cilicia,Noun,|Cilicias|
cinnamon,Noun,|cinnamon|
circle,Noun,|circles|
cistern,Noun,|cisterns|
citizen,Noun,|citizens|
city,Noun,|cities|
clan,Noun,|clans|
Claudius,Noun,|Claudiuses|
claw,Noun,|claws|
clay,Noun,|clay|
Clement,Noun,|Clements|
Cleopas,Noun,|Cleopases|
cliff,Noun,|cliffs|
clinic,Noun,|clinics|
cloth,Noun,|cloths|
clothes,Noun,|clothes|
cloud,Noun,|clouds|
club,Noun,|clubs|
Cnidus,Noun,|Cniduses|
coal,Noun,|coal|
coast,Noun,|coasts|
coat,Noun,|coats|
coffin,Noun,|coffins|
coin,Noun,|coins|
cold,Noun,|colds|
color,Noun,|colors|
Colossae,Noun,|Colossaes|
Colossians,Noun,|Colossians|
colt,Noun,|colts|
comb,Noun,|combs|
command,Noun,|commands|
commander,Noun,|commanders|
commandment,Noun,|commandments|
companion,Noun,|companions|
concubine,Noun,|concubines|
condom,Noun,|condoms|
container,Noun,|containers|
conversation,Noun,|conversations|
copper,Noun,|copper|
copy,Noun,|copies|
cor,Noun,|cors|
Corban,Noun,|Corbans|
Corinth,Noun,|Corinths|
Cornelius,Noun,|Corneliuses|
corner,Noun,|corners|
corpse,Noun,|corpses|
Cos,Noun,|Coses|
Cosam,Noun,|Cosams|
couch,Noun,|couches|
council,Noun,|councils|
country,Noun,|countries|
courage,Noun,|courage|
court,Noun,|courts|
courtyard,Noun,|courtyards|
cousin,Noun,|cousins|
covenant,Noun,|covenants|
cover,Noun,|covers|
cow,Noun,|cows|
creature,Noun,|creatures|
Crete,Noun,|Cretes|
crime,Noun,|crimes|
criminal,Noun,|criminals|
Crispus,Noun,|Crispuses|
crop,Noun,|crops|
cross,Noun,|crosses|
crowd,Noun,|crowds|
crown,Noun,|crowns|
cub,Noun,|cubs|
cubit,Noun,|cubits|
cumin,Noun,|cumin|
cup,Noun,|cups|
curtain,Noun,|curtains|
curve,Noun,|curves|
Cush,Noun,|Cushes|
Cushan,Noun,|Cushans|
Cushan-Rishathaim,Noun,|Cushan-Rishathaims|
cushion,Noun,|cushions|
custom,Noun,|customs|
cymbal,Noun,|cymbals|
Cyprus,Noun,|Cypruses|
Cyrene,Noun,|Cyrenes|
Cyrus,Noun,|Cyruses|
Dabbesheth,Noun,|Dabbesheths|
Daberath,Noun,|Daberaths|
Dagon,Noun,|Dagons|
Dalmanutha,Noun,|Dalmanuthas|
Dalphon,Noun,|Dalphons|
Damaris,Noun,|Damarises|
Damascus,Noun,|Damascuses|
Dan,Noun,|Dans|
danger,Noun,|danger|
Daniel,Noun,|Daniels|
Danite,Noun,|Danites|
Dannah,Noun,|Dannahs|
Darda,Noun,|Dardas|
Darius,Noun,|Dariuses|
darkness,Noun,|darkness|
Darkon,Noun,|Darkons|
date,Noun,|dates|
daughter,Noun,|daughters|
daughter-in-law,Noun,|daughters-in-law|
David,Noun,|Davids|
day,Noun,|days|
deacon,Noun,|deacons|
dead,Noun,|dead|
death,Noun,|death|
Debir,Noun,|Debirs|
Deborah,Noun,|Deborahs|
debt,Noun,|debts|
Decapolis,Noun,|Decapolises|
decision,Noun,|decisions|
decree,Noun,|decrees|
Dedan,Noun,|Dedans|
deer,Noun,|deer|
Delaiah,Noun,|Delaiahs|
Delilah,Noun,|Delilahs|
Demas,Noun,|Demases|
Demetrius,Noun,|Demetriuses|
demon,Noun,|demons|
den,Noun,|dens|
denarius,Noun,|denarii|
Derbe,Noun,|Derbes|
descendant,Noun,|descendants|
desert,Noun,|deserts|
Deuteronomy,Noun,|Deuteronomies|
device,Noun,|devices|
devil,Noun,|devils|
dew,Noun,|dew|
Dibon,Noun,|Dibons|
Diklah,Noun,|Diklahs|
Dilean,Noun,|Dileans|
dill,Noun,|dill|
Dimnah,Noun,|Dimnahs|
Dimonah,Noun,|Dimonahs|
Dinah,Noun,|Dinahs|
Dinhabah,Noun,|Dinhabahs|
dinner,Noun,|dinners|
Dionysius,Noun,|Dionysiuses|
direction,Noun,|directions|
dirt,Noun,|dirt|
disaster,Noun,|disasters|
disciple,Noun,|disciples|
disease,Noun,|diseases|
Dishan,Noun,|Dishans|
Dishon,Noun,|Dishons|
distance,Noun,|distances|
diviner,Noun,|diviners|
doctor,Noun,|doctors|
document,Noun,|documents|
Dodai,Noun,|Dodais|
Dodo,Noun,|Dodos|
Doeg,Noun,|Doegs|
dog,Noun,|dogs|
donkey,Noun,|donkeys|
door,Noun,|doors|
Dor,Noun,|Dors|
Dorcas,Noun,|Dorcases|
Dothan,Noun,|Dothans|
dough,Noun,|dough|
dove,Noun,|doves|
dream,Noun,|dreams|
dress,Noun,|dresses|
drink,Noun,|drinks|
drop,Noun,|drops|
drug,Noun,|drugs|
Drusilla,Noun,|Drusillas|
duck,Noun,|ducks|
Dumah,Noun,|Dumahs|
dung,Noun,|dung|
Dura,Noun,|Duras|
dust,Noun,|dust|
eagle,Noun,|eagles|
ear,Noun,|ears|
earring,Noun,|earrings|
earth,Noun,|earths|
earthquake,Noun,|earthquakes|
east,Noun,|east|
Ebal,Noun,|Ebals|
Ebed,Noun,|Ebeds|
Ebenezer,Noun,|Ebenezers|
Eber,Noun,|Ebers|
Ebez,Noun,|Ebezs|
Eden,Noun,|Edens|
Eder,Noun,|Eders|
edge,Noun,|edges|
Edom,Noun,|Edoms|
Edomite,Noun,|Edomites|
Edrei,Noun,|Edreis|
egg,Noun,|eggs|
Eglah,Noun,|Eglahs|
Eglon,Noun,|Eglons|
Egypt,Noun,|Egypts|
Egyptian,Noun,|Egyptians|
Ehi,Noun,|Ehis|
Ehud,Noun,|Ehuds|
Ekron,Noun,|Ekrons|
El-Bethel,Noun,|El-Bethels|
El-Elohe-Israel,Noun,|El-Elohe-Israels|
Ela,Noun,|Elas|
Elah,Noun,|Elahs|
Elam,Noun,|Elams|
Elath,Noun,|Elaths|
Eldaah,Noun,|Eldaahs|
elder,Noun,|elders|
Eleazar,Noun,|Eleazars|
Elhanan,Noun,|Elhanans|
Eli,Noun,|Elis|
Eliab,Noun,|Eliabs|
Eliada,Noun,|Eliadas|
Eliahba,Noun,|Eliahbas|
Eliakim,Noun,|Eliakims|
Eliam,Noun,|Eliams|
Eliashib,Noun,|Eliashibs|
Eliezer,Noun,|Eliezers|
Elihoreph,Noun,|Elihorephs|
Elihu,Noun,|Elihus|
Elihud,Noun,|Elihuds|
Elijah,Noun,|Elijahs|
Elika,Noun,|Elikas|
Elim,Noun,|Elims|
Elimelech,Noun,|Elimeleches|
Elioenai,Noun,|Elioenais|
Eliphaz,Noun,|Eliphazs|
Eliphelet,Noun,|Eliphelets|
Elisha,Noun,|Elishas|
Elishah,Noun,|Elishahs|
Elishama,Noun,|Elishamas|
Elisheba,Noun,|Elishebas|
Elishua,Noun,|Elishuas|
Eliud,Noun,|Eliuds|
Elizabeth,Noun,|Elizabeths|
Elkanah,Noun,|Elkanahs|
Elkosh,Noun,|Elkoshes|
Ellasar,Noun,|Ellasars|
Elmadam,Noun,|Elmadams|
Eloi,Noun,|Elois|
Elon,Noun,|Elons|
Elon-Bethhanan,Noun,|Elon-Bethhanans|
Eltekeh,Noun,|Eltekehs|
Eltekon,Noun,|Eltekons|
Eltolad,Noun,|Eltolads|
Elul,Noun,|Eluls|
Elymas,Noun,|Elymases|
Elzaphan,Noun,|Elzaphans|
Emite,Noun,|Emites|
Emmaus,Noun,|Emmauses|
emperor,Noun,|emperors|
Enaim,Noun,|Enaims|
Enam,Noun,|Enams|
enchanter,Noun,|enchanters|
end,Noun,|ends|
Endor,Noun,|Endors|
enemy,Noun,|enemies|
Enoch,Noun,|Enoches|
Enosh,Noun,|Enoshes|
entrance,Noun,|entrances|
Epaphras,Noun,|Epaphrases|
Epaphroditus,Noun,|Epaphrodituses|
Ephah,Noun,|Ephahs|
ephah,Noun,|ephahs|
Epher,Noun,|Ephers|
Ephesians,Noun,|Ephesians|
Ephesus,Noun,|Ephesuses|
ephod,Noun,|ephods|
Ephrah,Noun,|Ephrahs|
Ephraim,Noun,|Ephraims|
Ephraimite,Noun,|Ephraimites|
Ephrath,Noun,|Ephraths|
Ephrathah,Noun,|Ephrathahs|
Ephrathite,Noun,|Ephrathites|
Ephron,Noun,|Ephrons|
Epicurus,Noun,|Epicuruses|
Er,Noun,|Ers|
Erastus,Noun,|Erastuses|
Erech,Noun,|Ereches|
Eri,Noun,|Eris|
Esarhaddon,Noun,|Esarhaddons|
Esau,Noun,|Esaus|
Esek,Noun,|Eseks|
Eshan,Noun,|Eshans|
Eshban,Noun,|Eshbans|
Eshcol,Noun,|Eshcols|
Eshtaol,Noun,|Eshtaols|
Eshtemoa,Noun,|Eshtemoas|
Eshtemoh,Noun,|Eshtemohs|
Esli,Noun,|Eslis|
Esther,Noun,|Esthers|
Etham,Noun,|Ethams|
Ethan,Noun,|Ethans|
Ethanim,Noun,|Ethanims|
Ether,Noun,|Ethers|
Ethiopia,Noun,|Ethiopias|
eunuch,Noun,|eunuchs|
Euodia,Noun,|Euodias|
Euphrates,Noun,|Euphrateses|
Eutychus,Noun,|Eutychuses|
Eve,Noun,|Eves|
evening,Noun,|evenings|
event,Noun,|events|
Evi,Noun,|Evis|
ewe,Noun,|ewes|
example,Noun,|examples|
Exodus,Noun,|Exoduses|
expression,Noun,|expressions|
eye,Noun,|eyes|
Ezbon,Noun,|Ezbons|
Ezel,Noun,|Ezels|
Ezem,Noun,|Ezems|
Ezer,Noun,|Ezers|
Ezra,Noun,|Ezras|
Ezrahite,Noun,|Ezrahites|
face,Noun,|faces|
faith,Noun,|faith|
Falala,Noun,|Falalas|
fall,Noun,|falls|
family,Noun,|families|
famine,Noun,|famines|
fare,Noun,|fares|
farm,Noun,|farms|
farmer,Noun,|farmers|
fat,Noun,|fat|
father,Noun,|fathers|
Father,Noun,|Fathers|
father-in-law,Noun,|father-in-laws|
feast,Noun,|feasts|
feather,Noun,|feathers|
feeling,Noun,|feelings|
Felix,Noun,|Felixes|
fellowship,Noun,|fellowship|
fence,Noun,|fences|
Festus,Noun,|Festuses|
fever,Noun,|fevers|
field,Noun,|fields|
fig,Noun,|figs|
finger,Noun,|fingers|
fire,Noun,|fires|
fish,Noun,|fish|
fisherman,Noun,|fishermen|
fist,Noun,|fists|
flag,Noun,|flags|
flake,Noun,|flakes|
flax,Noun,|flax|
flea,Noun,|fleas|
flesh,Noun,|flesh|
flock,Noun,|flocks|
flood,Noun,|floods|
floor,Noun,|floors|
flour,Noun,|flour|
flower,Noun,|flowers|
flute,Noun,|flutes|
fly,Noun,|flies|
follower,Noun,|followers|
food,Noun,|food|
foot,Noun,|feet|
forehead,Noun,|foreheads|
foreigner,Noun,|foreigners|
foreskin,Noun,|foreskins|
forest,Noun,|forests|
fork,Noun,|forks|
foundation,Noun,|foundations|
fox,Noun,|foxes|
frame,Noun,|frames|
frankincense,Noun,|frankincense|
freedom,Noun,|freedom|
friend,Noun,|friends|
frog,Noun,|frogs|
front,Noun,|fronts|
frost,Noun,|frost|
fruit,Noun,|fruit|
fur,Noun,|fur|
furnace,Noun,|furnaces|
future,Noun,|future|
Gaal,Noun,|Gaals|
Gaash,Noun,|Gaashes|
Gabbai,Noun,|Gabbais|
Gabriel,Noun,|Gabriels|
Gad,Noun,|Gads|
Gadara,Noun,|Gadaras|
Gaham,Noun,|Gahams|
Gahar,Noun,|Gahars|
Gaius,Noun,|Gaiuses|
Galal,Noun,|Galals|
Galatia,Noun,|Galatias|
Galeed,Noun,|Galeeds|
Galilee,Noun,|Galilees|
gall,Noun,|gall|
Gallim,Noun,|Gallims|
Gallio,Noun,|Gallios|
Gamaliel,Noun,|Gamaliels|
garbage,Noun,|garbage|
garden,Noun,|gardens|
Gareb,Noun,|Garebs|
Gatam,Noun,|Gatams|
gate,Noun,|gates|
Gath,Noun,|Gaths|
Gaza,Noun,|Gazas|
gazelle,Noun,|gazelles|
Gazzam,Noun,|Gazzams|
Geba,Noun,|Gebas|
Gebalite,Noun,|Gebalites|
Geber,Noun,|Gebers|
Geder,Noun,|Geders|
Gederah,Noun,|Gederahs|
Gederoth,Noun,|Gederoths|
Gederothaim,Noun,|Gederothaims|
Gedor,Noun,|Gedors|
Geliloth,Noun,|Geliloths|
gem,Noun,|gems|
genealogy,Noun,|genealogies|
generation,Noun,|generations|
Genesis,Noun,|Genesises|
Gennesaret,Noun,|Gennesarets|
Gentile,Noun,|Gentiles|
Gera,Noun,|Geras|
Gerar,Noun,|Gerars|
Gerasa,Noun,|Gerasas|
Gerasene,Noun,|Gerasenes|
Gergesene,Noun,|Gergesenes|
germ,Noun,|germs|
Gershom,Noun,|Gershoms|
Gershon,Noun,|Gershons|
Geshem,Noun,|Geshems|
Geshur,Noun,|Geshurs|
Geshurite,Noun,|Geshurites|
Gether,Noun,|Gethers|
Gethsemane,Noun,|Gethsemanes|
Gezer,Noun,|Gezers|
ghost,Noun,|ghosts|
Giah,Noun,|Giahs|
giant,Noun,|giants|
Gibbethon,Noun,|Gibbethons|
Gibeah,Noun,|Gibeahs|
Gibeon,Noun,|Gibeons|
Gibeonite,Noun,|Gibeonites|
Giddel,Noun,|Giddels|
Gideon,Noun,|Gideons|
Gidom,Noun,|Gidoms|
gift,Noun,|gifts|
Gihon,Noun,|Gihons|
Gilalai,Noun,|Gilalais|
Gilboa,Noun,|Gilboas|
Gilead,Noun,|Gileads|
Gilgal,Noun,|Gilgals|
Giloh,Noun,|Gilohs|
Ginnethon,Noun,|Ginnethons|
Girgashite,Noun,|Girgashites|
girl,Noun,|girls|
Girzi,Noun,|Girzis|
Girzite,Noun,|Girzites|
Gishpa,Noun,|Gishpas|
Gittaim,Noun,|Gittaims|
Gittite,Noun,|Gittites|
glory,Noun,|glory|
glove,Noun,|gloves|
gnat,Noun,|gnats|
goad,Noun,|goads|
goal,Noun,|goals|
goat,Noun,|goats|
Gob,Noun,|Gobs|
goblet,Noun,|goblets|
God,Noun,|Gods|
god,Noun,|gods|
Goiim,Noun,|Goiims|
Golan,Noun,|Golans|
gold,Noun,|gold|
Golgotha,Noun,|Golgothas|
Goliath,Noun,|Goliaths|
Gomer,Noun,|Gomers|
Gomorrah,Noun,|Gomorrahs|
goodness,Noun,|goodness|
goods,Noun,|goods|
Goshen,Noun,|Goshens|
gospel,Noun,|gospels|
government,Noun,|governments|
governor,Noun,|governors|
Goyim,Noun,|Goyims|
grace,Noun,|grace|
grain,Noun,|grain|
gram,Noun,|grams|
grandchild,Noun,|grandchildren|
granddaughter,Noun,|granddaughters|
grandfather,Noun,|grandfathers|
grandson,Noun,|grandsons|
grape,Noun,|grapes|
grass,Noun,|grass|
grave,Noun,|graves|
Greece,Noun,|Greeces|
Greek,Noun,|Greeks|
groom,Noun,|grooms|
ground,Noun,|grounds|
group,Noun,|groups|
guard,Noun,|guards|
guardian-redeemer,Noun,|guardian-redeemers|
guest,Noun,|guests|
guide,Noun,|guides|
Guni,Noun,|Gunis|
Habakkuk,Noun,|Habakkuks|
Hachmon,Noun,|Hachmons|
Hadad,Noun,|Hadads|
Hadadezer,Noun,|Hadadezers|
Hadashah,Noun,|Hadashahs|
Hadassah,Noun,|Hadassahs|
Hades,Noun,|Hadeses|
Hadid,Noun,|Hadids|
Hadoram,Noun,|Hadorams|
Haeleph,Noun,|Haelephs|
Hagaba,Noun,|Hagabas|
Hagar,Noun,|Hagars|
Haggai,Noun,|Haggais|
Haggedolim,Noun,|Haggedolims|
Haggi,Noun,|Haggis|
Haggith,Noun,|Haggiths|
Hagri,Noun,|Hagris|
hail,Noun,|hail|
hair,Noun,|hairs|
Hakaliah,Noun,|Hakaliahs|
Hakilah,Noun,|Hakilahs|
Hakkoz,Noun,|Hakkozs|
Hakmon,Noun,|Hakmons|
Hakupha,Noun,|Hakuphas|
Halhul,Noun,|Halhuls|
Hali,Noun,|Halis|
Hallohesh,Noun,|Halloheshes|
Ham,Noun,|Hams|
Haman,Noun,|Hamans|
Hamath,Noun,|Hamaths|
Hamathite,Noun,|Hamathites|
Hammath,Noun,|Hammaths|
Hammedatha,Noun,|Hammedathas|
hammer,Noun,|hammers|
Hammon,Noun,|Hammons|
Hamor,Noun,|Hamors|
Hamul,Noun,|Hamuls|
Hanan,Noun,|Hanans|
Hanani,Noun,|Hananis|
Hananiah,Noun,|Hananiahs|
hand,Noun,|hands|
Hannah,Noun,|Hannahs|
Hannathon,Noun,|Hannathons|
Hanok,Noun,|Hanoks|
Hanun,Noun,|Hanuns|
Hapharaim,Noun,|Hapharaims|
Haran,Noun,|Harans|
Harar,Noun,|Harars|
Harbona,Noun,|Harbonas|
harbor,Noun,|harbors|
Harhaiah,Noun,|Harhaiahs|
Harhur,Noun,|Harhurs|
Harim,Noun,|Harims|
Hariph,Noun,|Hariphs|
Harod,Noun,|Harods|
Harosheth-Haggoyim,Noun,|Harosheth-Haggoyims|
harp,Noun,|harps|
Harsha,Noun,|Harshas|
Harumaph,Noun,|Harumaphs|
Hashabiah,Noun,|Hashabiahs|
Hashabnah,Noun,|Hashabnahs|
Hashabneiah,Noun,|Hashabneiahs|
Hashbaddanah,Noun,|Hashbaddanahs|
Hashum,Noun,|Hashums|
Hassenaah,Noun,|Hassenaahs|
Hassenuah,Noun,|Hassenuahs|
Hasshub,Noun,|Hasshubs|
Hasupha,Noun,|Hasuphas|
hat,Noun,|hats|
Hathak,Noun,|Hathaks|
Hatipha,Noun,|Hatiphas|
Hatita,Noun,|Hatitas|
Hattil,Noun,|Hattils|
Hattush,Noun,|Hattushes|
Havilah,Noun,|Havilahs|
Hazaiah,Noun,|Hazaiahs|
Hazarmaveth,Noun,|Hazarmaveths|
Hazo,Noun,|Hazos|
Hazor,Noun,|Hazors|
head,Noun,|heads|
heart,Noun,|hearts|
heat,Noun,|heat|
heaven,Noun,|heavens|
Heber,Noun,|Hebers|
Hebrew,Noun,|Hebrews|
Hebrews,Noun,|Hebrewses|
Hebron,Noun,|Hebrons|
hectare,Noun,|hectares|
heel,Noun,|heels|
Hegai,Noun,|Hegais|
height,Noun,|heights|
Helam,Noun,|Helams|
Helbah,Noun,|Helbahs|
Heled,Noun,|Heleds|
Helek,Noun,|Heleks|
Heleph,Noun,|Helephs|
Helez,Noun,|Helezs|
Heli,Noun,|Helis|
Helkai,Noun,|Helkais|
Helkath,Noun,|Helkaths|
hell,Noun,|hells|
helmet,Noun,|helmets|
Heman,Noun,|Hemans|
Hemdan,Noun,|Hemdans|
Henadad,Noun,|Henadads|
Hepher,Noun,|Hephers|
herald,Noun,|heralds|
herb,Noun,|herbs|
herd,Noun,|herds|
Heres,Noun,|Hereses|
Hereth,Noun,|Hereths|
Hermes,Noun,|Hermeses|
Herod,Noun,|Herods|
Herodias,Noun,|Herodiases|
Heshbon,Noun,|Heshbons|
Heshmon,Noun,|Heshmons|
Heth,Noun,|Heths|
Hezekiah,Noun,|Hezekiahs|
Hezir,Noun,|Hezirs|
Hezro,Noun,|Hezros|
Hezron,Noun,|Hezrons|
Hiddai,Noun,|Hiddais|
Hierapolis,Noun,|Hierapolises|
Hilkiah,Noun,|Hilkiahs|
hill,Noun,|hills|
Hillel,Noun,|Hillels|
hip,Noun,|hips|
Hirah,Noun,|Hirahs|
Hiram,Noun,|Hirams|
history,Noun,|histories|
Hittite,Noun,|Hittites|
HIV,Noun,|HIV|
Hivite,Noun,|Hivites|
Hobab,Noun,|Hobabs|
Hobah,Noun,|Hobahs|
Hobaiah,Noun,|Hobaiahs|
Hodaviah,Noun,|Hodaviahs|
Hodiah,Noun,|Hodiahs|
Hoglah,Noun,|Hoglahs|
Hoham,Noun,|Hohams|
hole,Noun,|holes|
holiday,Noun,|holidays|
Holon,Noun,|Holons|
Homam,Noun,|Homams|
honey,Noun,|honey|
honor,Noun,|honor|
hook,Noun,|hooks|
hope,Noun,|hope|
Hophni,Noun,|Hophnis|
Horam,Noun,|Horams|
Horeb,Noun,|Horebs|
Horem,Noun,|Horems|
Horesh,Noun,|Horeshes|
Hori,Noun,|Horis|
Horite,Noun,|Horites|
Hormah,Noun,|Hormahs|
horn,Noun,|horns|
hornet,Noun,|hornets|
Horon,Noun,|Horons|
Horonaim,Noun,|Horonaims|
horse,Noun,|horses|
Hosah,Noun,|Hosahs|
Hosanna,Noun,|Hosannas|
Hosea,Noun,|Hoseas|
Hoshaiah,Noun,|Hoshaiahs|
Hoshea,Noun,|Hosheas|
hour,Noun,|hours|
house,Noun,|houses|
Hukkok,Noun,|Hukkoks|
Hul,Noun,|Huls|
human,Noun,|humans|
Humtah,Noun,|Humtahs|
Huppim,Noun,|Huppims|
Hur,Noun,|Hurs|
husband,Noun,|husbands|
Hushah,Noun,|Hushahs|
Hushai,Noun,|Hushais|
Husham,Noun,|Hushams|
Hushath,Noun,|Hushaths|
Hushim,Noun,|Hushims|
hymn,Noun,|hymns|
hypocrite,Noun,|hypocrites|
Ibhar,Noun,|Ibhars|
Ibleam,Noun,|Ibleams|
Ibzan,Noun,|Ibzans|
ice,Noun,|ice|
Ichabod,Noun,|Ichabods|
Iconium,Noun,|Iconiums|
Idalah,Noun,|Idalahs|
Iddo,Noun,|Iddos|
idea,Noun,|ideas|
idol,Noun,|idols|
Idumea,Noun,|Idumeas|
Igal,Noun,|Igals|
Iim,Noun,|Iims|
Ikkesh,Noun,|Ikkeshes|
Ilym,Noun,|Ilyms|
image,Noun,|images|
Immanuel,Noun,|Immanuels|
Immer,Noun,|Immers|
Imnah,Noun,|Imnahs|
Imri,Noun,|Imris|
incense,Noun,|incense|
inch,Noun,|inches|
India,Noun,|Indias|
information,Noun,|information|
Iniko,Noun,|Inikos|
injury,Noun,|injuries|
inn,Noun,|inns|
insect,Noun,|insects|
inside,Noun,|insides|
instruction,Noun,|instructions|
instrument,Noun,|instruments|
interest,Noun,|interest|
intestine,Noun,|intestines|
Iphtah,Noun,|Iphtahs|
Ira,Noun,|Iras|
Irad,Noun,|Irads|
Iram,Noun,|Irams|
iron,Noun,|iron|
Iron,Noun,|Irons|
Irpeel,Noun,|Irpeels|
Isaac,Noun,|Isaacs|
Isaiah,Noun,|Isaiahs|
Isak,Noun,|Isaks|
Iscah,Noun,|Iscahs|
Ish-Bosheth,Noun,|Ish-Bosheths|
Ishbak,Noun,|Ishbaks|
Ishbi-Benob,Noun,|Ishbi-Benobs|
Ishmael,Noun,|Ishmaels|
Ishmaelite,Noun,|Ishmaelites|
Ishvah,Noun,|Ishvahs|
Ishvi,Noun,|Ishvis|
island,Noun,|islands|
Israel,Noun,|Israels|
Israelite,Noun,|Israelites|
Issachar,Noun,|Issachars|
it,Noun,|its|
Italy,Noun,|Italies|
Ithai,Noun,|Ithais|
Ithamar,Noun,|Ithamars|
Ithiel,Noun,|Ithiels|
Ithlah,Noun,|Ithlahs|
Ithnan,Noun,|Ithnans|
Ithran,Noun,|Ithrans|
Ithream,Noun,|Ithreams|
Ittai,Noun,|Ittais|
Iturea,Noun,|Itureas|
ivory,Noun,|ivory|
Izhar,Noun,|Izhars|
Jaala,Noun,|Jaalas|
Jabal,Noun,|Jabals|
Jabbok,Noun,|Jabboks|
Jabesh,Noun,|Jabeshes|
Jabin,Noun,|Jabins|
Jabneel,Noun,|Jabneels|
jackal,Noun,|jackals|
Jacob,Noun,|Jacobs|
Jaddu,Noun,|Jaddus|
Jaddua,Noun,|Jadduas|
Jadon,Noun,|Jadons|
Jael,Noun,|Jaels|
Jagur,Noun,|Jagurs|
Jahaz,Noun,|Jahazs|
Jahleel,Noun,|Jahleels|
Jahziel,Noun,|Jahziels|
Jair,Noun,|Jairs|
Jairus,Noun,|Jairuses|
Jakeh,Noun,|Jakehs|
Jakin,Noun,|Jakins|
Jalam,Noun,|Jalams|
James,Noun,|Jameses|
Jamin,Noun,|Jamins|
Janet,Noun,|Janets|
Janim,Noun,|Janims|
Jannai,Noun,|Jannais|
Janoah,Noun,|Janoahs|
Japheth,Noun,|Japheths|
Japhia,Noun,|Japhias|
Japhletite,Noun,|Japhletites|
jar,Noun,|jars|
Jared,Noun,|Jareds|
Jarmuth,Noun,|Jarmuths|
Jashar,Noun,|Jashars|
Jashen,Noun,|Jashens|
Jashub,Noun,|Jashubs|
Jason,Noun,|Jasons|
Jattir,Noun,|Jattirs|
Javan,Noun,|Javans|
jaw,Noun,|jaws|
Jazar,Noun,|Jazars|
Jazer,Noun,|Jazers|
Jebusite,Noun,|Jebusites|
Jeconiah,Noun,|Jeconiahs|
Jedaiah,Noun,|Jedaiahs|
Jedidiah,Noun,|Jedidiahs|
Jeduthun,Noun,|Jeduthuns|
Jehohanan,Noun,|Jehohanans|
Jehoiachin,Noun,|Jehoiachins|
Jehoiada,Noun,|Jehoiadas|
Jehoiakim,Noun,|Jehoiakims|
Jehonathan,Noun,|Jehonathans|
Jehoram,Noun,|Jehorams|
Jehoshaphat,Noun,|Jehoshaphats|
Jehud,Noun,|Jehuds|
Jekabzeel,Noun,|Jekabzeels|
Jemuel,Noun,|Jemuels|
Jephthah,Noun,|Jephthahs|
Jephunneh,Noun,|Jephunnehs|
Jerah,Noun,|Jerahs|
Jerahmeel,Noun,|Jerahmeels|
Jerahmeelite,Noun,|Jerahmeelites|
Jeremiah,Noun,|Jeremiahs|
Jericho,Noun,|Jerichos|
Jeroboam,Noun,|Jeroboams|
Jeroham,Noun,|Jerohams|
Jerub-Baal,Noun,|Jerub-Baals|
Jerub-Besheth,Noun,|Jerub-Besheths|
Jerusalem,Noun,|Jerusalems|
Jeshaiah,Noun,|Jeshaiahs|
Jeshimon,Noun,|Jeshimons|
Jeshua,Noun,|Jeshuas|
Jesse,Noun,|Jesses|
Jesus,Noun,|Jesuses|
Jesus-Barabbas,Noun,|Jesus-Barabbases|
Jether,Noun,|Jethers|
Jetheth,Noun,|Jetheths|
Jethro,Noun,|Jethros|
Jetur,Noun,|Jeturs|
Jeush,Noun,|Jeushes|
Jew,Noun,|Jews|
jewel,Noun,|jewels|
jewelry,Noun,|jewelry|
Jezebel,Noun,|Jezebels|
Jezer,Noun,|Jezers|
Jezrahiah,Noun,|Jezrahiahs|
Jezreel,Noun,|Jezreels|
Jidlaph,Noun,|Jidlaphs|
Joab,Noun,|Joabs|
Joanan,Noun,|Joanans|
Joanna,Noun,|Joannas|
Joash,Noun,|Joashes|
job,Noun,|jobs|
Jobab,Noun,|Jobabs|
Jochebed,Noun,|Jochebeds|
Joda,Noun,|Jodas|
Joed,Noun,|Joeds|
Joel,Noun,|Joels|
Jogbehah,Noun,|Jogbehahs|
Johanan,Noun,|Johanans|
John,Noun,|Johns|
Joiada,Noun,|Joiadas|
Joiakim,Noun,|Joiakims|
Joiarib,Noun,|Joiaribs|
Jokdeam,Noun,|Jokdeams|
joke,Noun,|jokes|
Jokmeam,Noun,|Jokmeams|
Jokneam,Noun,|Jokneams|
Jokshan,Noun,|Jokshans|
Joktan,Noun,|Joktans|
Joktheel,Noun,|Joktheels|
Jonadab,Noun,|Jonadabs|
Jonah,Noun,|Jonahs|
Jonam,Noun,|Jonams|
Jonathan,Noun,|Jonathans|
Joppa,Noun,|Joppas|
Joram,Noun,|Jorams|
Jordan,Noun,|Jordans|
Jorim,Noun,|Jorims|
Josech,Noun,|Joseches|
Joseph,Noun,|Josephs|
Josheb-Basshebeth,Noun,|Josheb-Basshebeths|
Joshua,Noun,|Joshuas|
Josiah,Noun,|Josiahs|
Jotham,Noun,|Jothams|
joy,Noun,|joy|
Jozabad,Noun,|Jozabads|
Jozadak,Noun,|Jozadaks|
Jubal,Noun,|Jubals|
Judah,Noun,|Judahs|
Judas,Noun,|Judases|
Judea,Noun,|Judeas|
judge,Noun,|judges|
Judges,Noun,|Judgeses|
Judith,Noun,|Judiths|
Julius,Noun,|Juliuses|
Jumoke,Noun,|Jumokes|
June,Noun,|Junes|
justice,Noun,|justice|
Justus,Noun,|Justuses|
Juttah,Noun,|Juttahs|
Kabbon,Noun,|Kabbons|
Kabul,Noun,|Kabuls|
Kabzeel,Noun,|Kabzeels|
Kadesh,Noun,|Kadeshes|
Kadmiel,Noun,|Kadmiels|
Kadmonite,Noun,|Kadmonites|
Kain,Noun,|Kains|
Kalkol,Noun,|Kalkols|
Kallai,Noun,|Kallais|
Kamon,Noun,|Kamons|
Kanah,Noun,|Kanahs|
Kande,Noun,|Kandes|
Karka,Noun,|Karkas|
Karkor,Noun,|Karkors|
Karmi,Noun,|Karmis|
Karshena,Noun,|Karshenas|
Kartah,Noun,|Kartahs|
Kartan,Noun,|Kartans|
Kattath,Noun,|Kattaths|
Kedar,Noun,|Kedars|
Kedemah,Noun,|Kedemahs|
Kedemoth,Noun,|Kedemoths|
Kedesh,Noun,|Kedeshes|
Kedorlaomer,Noun,|Kedorlaomers|
Keilah,Noun,|Keilahs|
Kelita,Noun,|Kelitas|
Kemuel,Noun,|Kemuels|
Kenan,Noun,|Kenans|
Kenani,Noun,|Kenanis|
Kenaz,Noun,|Kenazs|
Kenite,Noun,|Kenites|
Kenizzite,Noun,|Kenizzites|
Kephirah,Noun,|Kephirahs|
Keran,Noun,|Kerans|
Kereth,Noun,|Kereths|
Kerethite,Noun,|Kerethites|
Keros,Noun,|Keroses|
Kerub,Noun,|Kerubs|
Kesed,Noun,|Keseds|
Kesil,Noun,|Kesils|
Kesulloth,Noun,|Kesulloths|
Keturah,Noun,|Keturahs|
key,Noun,|keys|
Kezib,Noun,|Kezibs|
Kibzaim,Noun,|Kibzaims|
Kileab,Noun,|Kileabs|
Kilion,Noun,|Kilions|
kilogram,Noun,|kilograms|
kilometer,Noun,|kilometers|
Kimham,Noun,|Kimhams|
Kinah,Noun,|Kinahs|
kind,Noun,|kinds|
king,Noun,|kings|
King,Noun,|Kings|
kingdom,Noun,|kingdoms|
Kinnereth,Noun,|Kinnereths|
Kiriath,Noun,|Kiriaths|
Kiriath-Arba,Noun,|Kiriath-Arbas|
Kiriath-Sepher,Noun,|Kiriath-Sephers|
Kiriathaim,Noun,|Kiriathaims|
Kish,Noun,|Kishes|
Kishion,Noun,|Kishions|
Kishon,Noun,|Kishons|
Kislev,Noun,|Kislevs|
Kitlish,Noun,|Kitlishes|
Kitron,Noun,|Kitrons|
Kittite,Noun,|Kittites|
knee,Noun,|knees|
knife,Noun,|knives|
knowledge,Noun,|knowledge|
Kohath,Noun,|Kohaths|
Kol-Hozeh,Noun,|Kol-Hozehs|
Kolaiah,Noun,|Kolaiahs|
Korah,Noun,|Korahs|
Korazin,Noun,|Korazins|
Kue,Noun,|Kues|
Laban,Noun,|Labans|
Lachish,Noun,|Lachishes|
ladder,Noun,|ladders|
Lahmas,Noun,|Lahmases|
Laish,Noun,|Laishes|
lake,Noun,|lakes|
Lakkum,Noun,|Lakkums|
lamb,Noun,|lambs|
Lamech,Noun,|Lameches|
lamp,Noun,|lamps|
land,Noun,|land|
language,Noun,|languages|
Laodicea,Noun,|Laodiceas|
Lappidoth,Noun,|Lappidoths|
Lasea,Noun,|Laseas|
Lasha,Noun,|Lashas|
Lasharon,Noun,|Lasharons|
law,Noun,|laws|
Law,Noun,|Laws|
lawyer,Noun,|lawyers|
layer,Noun,|layers|
Lazarus,Noun,|Lazaruses|
lead,Noun,|lead|
leader,Noun,|leaders|
leaf,Noun,|leaves|
Leah,Noun,|Leahs|
leather,Noun,|leather|
Lebana,Noun,|Lebanas|
Lebanon,Noun,|Lebanons|
Lebaoth,Noun,|Lebaoths|
Lebo-Hamath,Noun,|Lebo-Hamaths|
Lebonah,Noun,|Lebonahs|
leg,Noun,|legs|
Legion,Noun,|Legions|
Lehabite,Noun,|Lehabites|
Lehi,Noun,|Lehis|
Lemuel,Noun,|Lemuels|
length,Noun,|lengths|
lentil,Noun,|lentils|
leopard,Noun,|leopards|
leprosy,Noun,|leprosy|
Leshem,Noun,|Leshems|
lesson,Noun,|lessons|
letter,Noun,|letters|
Letush,Noun,|Letushes|
Letushite,Noun,|Letushites|
Leum,Noun,|Leums|
Leummite,Noun,|Leummites|
Levi,Noun,|Levis|
Levite,Noun,|Levites|
Leviticus,Noun,|Leviticuses|
Libnah,Noun,|Libnahs|
Libni,Noun,|Libnis|
Libya,Noun,|Libyas|
life,Noun,|lives|
ligament,Noun,|ligaments|
light,Noun,|lights|
lightning,Noun,|lightning|
lily,Noun,|lilies|
line,Noun,|lines|
linen,Noun,|linen|
lion,Noun,|lions|
lip,Noun,|lips|
liquid,Noun,|liquids|
list,Noun,|lists|
liter,Noun,|liters|
liver,Noun,|livers|
livestock,Noun,|livestock|
load,Noun,|loads|
loaf,Noun,|loaves|
locust,Noun,|locusts|
Lod,Noun,|Lods|
Lord,Noun,|Lords|
LORD,Noun,|LORDs|
lord,Noun,|lords|
lot,Noun,|lots|
Lot,Noun,|Lots|
Lotan,Noun,|Lotans|
love,Noun,|love|
Lucius,Noun,|Luciuses|
Lud,Noun,|Luds|
Ludite,Noun,|Ludites|
Luke,Noun,|Lukes|
Luz,Noun,|Luzs|
Lycaonia,Noun,|Lycaonias|
Lycia,Noun,|Lycias|
Lydda,Noun,|Lyddas|
Lydia,Noun,|Lydias|
lyre,Noun,|lyres|
Lysanias,Noun,|Lysaniases|
Lysias,Noun,|Lysiases|
Lystra,Noun,|Lystras|
Maacah,Noun,|Maacahs|
Maai,Noun,|Maais|
Maakah,Noun,|Maakahs|
Maarath,Noun,|Maaraths|
Maaseiah,Noun,|Maaseiahs|
Maath,Noun,|Maaths|
Maaziah,Noun,|Maaziahs|
Macedonia,Noun,|Macedonias|
machine,Noun,|machines|
Machpelah,Noun,|Machpelahs|
Madai,Noun,|Madais|
Madmannah,Noun,|Madmannahs|
Madon,Noun,|Madons|
Magadan,Noun,|Magadans|
Magdalene,Noun,|Magdalenes|
Magdiel,Noun,|Magdiels|
maggot,Noun,|maggots|
magic,Noun,|magic|
magician,Noun,|magicians|
Magog,Noun,|Magogs|
Magpiash,Noun,|Magpiashes|
Mahalalel,Noun,|Mahalalels|
Mahalath,Noun,|Mahalaths|
Mahanaim,Noun,|Mahanaims|
Maharai,Noun,|Maharais|
Mahlah,Noun,|Mahlahs|
Mahli,Noun,|Mahlis|
Mahlon,Noun,|Mahlons|
Mahol,Noun,|Mahols|
Makaz,Noun,|Makazs|
Makir,Noun,|Makirs|
Makkedah,Noun,|Makkedahs|
Malachi,Noun,|Malachis|
Malkiel,Noun,|Malkiels|
Malkijah,Noun,|Malkijahs|
Malluk,Noun,|Malluks|
Malta,Noun,|Maltas|
Mamre,Noun,|Mamres|
man,Noun,|men|
Manaen,Noun,|Manaens|
manager,Noun,|managers|
Manahath,Noun,|Manahaths|
Manasseh,Noun,|Manassehs|
manger,Noun,|mangers|
manna,Noun,|manna|
Manoah,Noun,|Manoahs|
manure,Noun,|manure|
manuscript,Noun,|manuscripts|
Maok,Noun,|Maoks|
Maon,Noun,|Maons|
Maonite,Noun,|Maonites|
Mara,Noun,|Maras|
Marah,Noun,|Marahs|
Maralah,Noun,|Maralahs|
marble,Noun,|marble|
March,Noun,|Marches|
Mareshah,Noun,|Mareshahs|
mark,Noun,|marks|
Mark,Noun,|Marks|
market,Noun,|markets|
marriage,Noun,|marriages|
Marsena,Noun,|Marsenas|
Martha,Noun,|Marthas|
Mary,Noun,|Maries|
mason,Noun,|masons|
Masrekah,Noun,|Masrekahs|
Massa,Noun,|Massas|
Massah,Noun,|Massahs|
master,Noun,|masters|
mat,Noun,|mats|
mate,Noun,|mates|
Matred,Noun,|Matreds|
Matri,Noun,|Matris|
Mattaniah,Noun,|Mattaniahs|
Mattatha,Noun,|Mattathas|
Mattathias,Noun,|Mattathiases|
Mattenai,Noun,|Mattenais|
Matthan,Noun,|Matthans|
Matthat,Noun,|Matthats|
Matthew,Noun,|Matthews|
Matthias,Noun,|Matthiases|
Mattithiah,Noun,|Mattithiahs|
Me-Zahab,Noun,|Me-Zahabs|
meal,Noun,|meals|
meaning,Noun,|meanings|
meat,Noun,|meat|
Medan,Noun,|Medans|
Medeba,Noun,|Medebas|
Media,Noun,|Medias|
medicine,Noun,|medicine|
Mediterranean,Noun,|Mediterraneans|
meeting,Noun,|meetings|
Megiddo,Noun,|Megiddos|
Mehetabel,Noun,|Mehetabels|
Mehida,Noun,|Mehidas|
Meholah,Noun,|Meholahs|
Mehujael,Noun,|Mehujaels|
Mehuman,Noun,|Mehumans|
Mekonah,Noun,|Mekonahs|
Melatiah,Noun,|Melatiahs|
Melchi,Noun,|Melchis|
Melchizedek,Noun,|Melchizedeks|
Melea,Noun,|Meleas|
Melissa,Noun,|Melissas|
Melki,Noun,|Melkis|
member,Noun,|members|
Memukan,Noun,|Memukans|
Mene,Noun,|Mene|
Menna,Noun,|Mennas|
Mephaath,Noun,|Mephaaths|
Mephibosheth,Noun,|Mephibosheths|
Merab,Noun,|Merabs|
Meraiah,Noun,|Meraiahs|
Meraioth,Noun,|Meraioths|
Merar,Noun,|Merars|
Merari,Noun,|Meraris|
merchandise,Noun,|merchandise|
merchant,Noun,|merchants|
mercy,Noun,|mercy|
Meremoth,Noun,|Meremoths|
Meres,Noun,|Mereses|
Meribah,Noun,|Meribahs|
Meronoth,Noun,|Meronoths|
Meroz,Noun,|Merozs|
Mesha,Noun,|Meshas|
Meshach,Noun,|Meshaches|
Meshech,Noun,|Mesheches|
Meshezabel,Noun,|Meshezabels|
Meshillemoth,Noun,|Meshillemoths|
Meshullam,Noun,|Meshullams|
Mesopotamia,Noun,|Mesopotamias|
message,Noun,|messages|
messenger,Noun,|messengers|
Messiah,Noun,|Messiahs|
metal,Noun,|metal|
meter,Noun,|meters|
Methuselah,Noun,|Methuselahs|
Methushael,Noun,|Methushaels|
Meunim,Noun,|Meunims|
Mibsam,Noun,|Mibsams|
Mibzar,Noun,|Mibzars|
Micah,Noun,|Micahs|
Micaiah,Noun,|Micaiahs|
Michael,Noun,|Michaels|
Michal,Noun,|Michals|
Middin,Noun,|Middins|
middle,Noun,|middles|
Midian,Noun,|Midians|
Midianite,Noun,|Midianites|
midnight,Noun,|midnight|
midwife,Noun,|midwives|
Migdal-Eder,Noun,|Migdal-Eders|
Migdol,Noun,|Migdols|
Migron,Noun,|Migrons|
Mijamin,Noun,|Mijamins|
Mika,Noun,|Mikas|
Mikmash,Noun,|Mikmashes|
Mikmethath,Noun,|Mikmethaths|
Milalai,Noun,|Milalais|
Milcah,Noun,|Milcahs|
mile,Noun,|miles|
Miletus,Noun,|Miletuses|
milk,Noun,|milk|
Milkah,Noun,|Milkahs|
Millo,Noun,|Millos|
mina,Noun,|minas|
mind,Noun,|minds|
Miniamin,Noun,|Miniamins|
Minnith,Noun,|Minniths|
mint,Noun,|mint|
minute,Noun,|minutes|
miracle,Noun,|miracles|
Miriam,Noun,|Miriams|
Mishael,Noun,|Mishaels|
Mishal,Noun,|Mishals|
Mishma,Noun,|Mishmas|
Mispereth,Noun,|Mispereths|
mistake,Noun,|mistakes|
Mitylene,Noun,|Mitylenes|
Mizpah,Noun,|Mizpahs|
Mizraim,Noun,|Mizraims|
Mizzah,Noun,|Mizzahs|
Mnason,Noun,|Mnasons|
Moab,Noun,|Moabs|
Moabite,Noun,|Moabites|
Moadiah,Noun,|Moadiahs|
model,Noun,|models|
Moladah,Noun,|Moladahs|
mold,Noun,|mold|
Molech,Noun,|Moleches|
money,Noun,|money|
month,Noun,|months|
moon,Noun,|moons|
Mordecai,Noun,|Mordecais|
Moreh,Noun,|Morehs|
Moriah,Noun,|Moriahs|
morning,Noun,|mornings|
mortar,Noun,|mortar|
Moses,Noun,|Moseses|
moth,Noun,|moths|
mother,Noun,|mothers|
mother-in-law,Noun,|mothers-in-law|
motive,Noun,|motives|
mountain,Noun,|mountains|
mouth,Noun,|mouths|
Mozah,Noun,|Mozahs|
mule,Noun,|mules|
Muppim,Noun,|Muppims|
muscle,Noun,|muscles|
Mushi,Noun,|Mushis|
music,Noun,|music|
Myra,Noun,|Myras|
myrrh,Noun,|myrrh|
Mysia,Noun,|Mysias|
mystery,Noun,|mysteries|
Naamah,Noun,|Naamahs|
Naaman,Noun,|Naamans|
Naarah,Noun,|Naarahs|
Nabal,Noun,|Nabals|
Nadab,Noun,|Nadabs|
Naggai,Noun,|Naggais|
Nahalal,Noun,|Nahalals|
Nahalol,Noun,|Nahalols|
Nahamani,Noun,|Nahamanis|
Naharai,Noun,|Naharais|
Nahash,Noun,|Nahashes|
Nahath,Noun,|Nahaths|
Nahor,Noun,|Nahors|
Nahshon,Noun,|Nahshons|
Nahum,Noun,|Nahums|
nail,Noun,|nails|
Nain,Noun,|Nains|
Naioth,Noun,|Naioths|
Nakon,Noun,|Nakons|
name,Noun,|names|
Name,Noun,|Names|
Nano,Noun,|Nanos|
Naomi,Noun,|Naomis|
Naphish,Noun,|Naphishes|
Naphoth,Noun,|Naphoths|
Naphtali,Noun,|Naphtalis|
Naphtuhite,Noun,|Naphtuhites|
nard,Noun,|nards|
Nathan,Noun,|Nathans|
Nathanael,Noun,|Nathanaels|
nation,Noun,|nations|
Nazareth,Noun,|Nazareths|
Nazirite,Noun,|Nazirites|
Neah,Noun,|Neahs|
Neapolis,Noun,|Neapolises|
Nebai,Noun,|Nebais|
Nebaioth,Noun,|Nebaioths|
Neballat,Noun,|Neballats|
Nebo,Noun,|Nebos|
Nebuchadnezzar,Noun,|Nebuchadnezzars|
neck,Noun,|necks|
necklace,Noun,|necklaces|
needle,Noun,|needles|
Negev,Noun,|Negevs|
Nehemiah,Noun,|Nehemiahs|
Nehum,Noun,|Nehums|
Neiel,Noun,|Neiels|
neighbor,Noun,|neighbors|
Nekoda,Noun,|Nekodas|
Nepheg,Noun,|Nephegs|
nephew,Noun,|nephews|
Nephilim,Noun,|Nephilim|
Nephtoah,Noun,|Nephtoahs|
Nephusim,Noun,|Nephusims|
Ner,Noun,|Ners|
Neri,Noun,|Neris|
nerve,Noun,|nerves|
nest,Noun,|nests|
net,Noun,|nets|
Nethanel,Noun,|Nethanels|
Netophah,Noun,|Netophahs|
Netophath,Noun,|Netophaths|
Netty,Noun,|Netties|
news,Noun,|news|
Neziah,Noun,|Neziahs|
Nezib,Noun,|Nezibs|
Nibshan,Noun,|Nibshans|
Nicanor,Noun,|Nicanors|
Nicodemus,Noun,|Nicodemuses|
Nicolas,Noun,|Nicolases|
Nicopolis,Noun,|Nicopolises|
Niger,Noun,|Nigers|
night,Noun,|nights|
Nile,Noun,|Niles|
Nimrod,Noun,|Nimrods|
Nina,Noun,|Ninas|
Nineveh,Noun,|Ninevehs|
Nisan,Noun,|Nisans|
Noadiah,Noun,|Noadiahs|
Noah,Noun,|Noahs|
Nob,Noun,|Nobs|
Nobah,Noun,|Nobahs|
noble,Noun,|nobles|
Nod,Noun,|Nods|
noise,Noun,|noises|
noon,Noun,|noon|
north,Noun,|north|
nose,Noun,|noses|
November,Noun,|Novembers|
number,Noun,|numbers|
Numbers,Noun,|Numbers|
Nun,Noun,|Nuns|
nurse,Noun,|nurses|
Nympha,Noun,|Nymphas|
oath,Noun,|oaths|
Obadiah,Noun,|Obadiahs|
Obal,Noun,|Obals|
Obed,Noun,|Obeds|
Obed-Edom,Noun,|Obed-Edoms|
object,Noun,|objects|
ocean,Noun,|oceans|
offering,Noun,|offerings|
office,Noun,|offices|
officer,Noun,|officers|
official,Noun,|officials|
Og,Noun,|Ogs|
Ohad,Noun,|Ohads|
Oholibamah,Noun,|Oholibamahs|
oil,Noun,|oil|
olive,Noun,|olives|
Omar,Noun,|Omars|
omer,Noun,|omers|
On,Noun,|Ons|
Onam,Noun,|Onams|
Onan,Noun,|Onans|
Onesimus,Noun,|Onesimuses|
Ono,Noun,|Onos|
onyx,Noun,|onyx|
Ophel,Noun,|Ophels|
Ophir,Noun,|Ophirs|
Ophni,Noun,|Ophnis|
Ophrah,Noun,|Ophrahs|
opinion,Noun,|opinions|
opponent,Noun,|opponents|
Oreb,Noun,|Orebs|
organ,Noun,|organs|
organization,Noun,|organizations|
Orpah,Noun,|Orpahs|
orphan,Noun,|orphans|
Othniel,Noun,|Othniels|
ounce,Noun,|ounces|
outside,Noun,|outsides|
oven,Noun,|ovens|
overseer,Noun,|overseers|
owner,Noun,|owners|
ox,Noun,|oxen|
Paarai,Noun,|Paarais|
Padon,Noun,|Padons|
Pahath-Moab,Noun,|Pahath-Moabs|
pain,Noun,|pain|
paint,Noun,|paint|
palace,Noun,|palaces|
Palal,Noun,|Palals|
Pallu,Noun,|Pallus|
palm,Noun,|palms|
Palti,Noun,|Paltis|
Paltiel,Noun,|Paltiels|
Pamphylia,Noun,|Pamphylias|
pan,Noun,|pans|
Paphos,Noun,|Paphoses|
parable,Noun,|parables|
Parah,Noun,|Parahs|
Paran,Noun,|Parans|
parent,Noun,|parents|
Parmashta,Noun,|Parmashtas|
Parmenas,Noun,|Parmenases|
Parosh,Noun,|Paroshes|
Parshandatha,Noun,|Parshandathas|
Parsin,Noun,|Parsin|
part,Noun,|parts|
Parthia,Noun,|Parthias|
party,Noun,|parties|
Paruah,Noun,|Paruahs|
Paseah,Noun,|Paseahs|
Pashhur,Noun,|Pashhurs|
Passhur,Noun,|Passhurs|
Passover,Noun,|Passovers|
past,Noun,|past|
pastor,Noun,|pastors|
pasture,Noun,|pastures|
Patara,Noun,|Pataras|
path,Noun,|paths|
Pathrusite,Noun,|Pathrusites|
Patmos,Noun,|Patmoses|
Pau,Noun,|Paus|
Paul,Noun,|Pauls|
Paulus,Noun,|Pauluses|
payment,Noun,|payments|
pea,Noun,|peas|
peace,Noun,|peace|
peacock,Noun,|peacocks|
pearl,Noun,|pearls|
Pedaiah,Noun,|Pedaiahs|
Pelaiah,Noun,|Pelaiahs|
Pelaliah,Noun,|Pelaliahs|
Pelatiah,Noun,|Pelatiahs|
Peleg,Noun,|Pelegs|
Pelet,Noun,|Pelets|
Peleth,Noun,|Peleths|
Pelethite,Noun,|Pelethites|
pen,Noun,|pens|
Peniel,Noun,|Peniels|
Peninnah,Noun,|Peninnahs|
penis,Noun,|penises|
penny,Noun,|pennies|
Pentecost,Noun,|Pentecosts|
Penual,Noun,|Penuals|
Peor,Noun,|Peors|
Peres,Noun,|Peres|
Perez,Noun,|Perezs|
perfume,Noun,|perfumes|
Perga,Noun,|Pergas|
Perida,Noun,|Peridas|
period,Noun,|periods|
Perizzite,Noun,|Perizzites|
Persia,Noun,|Persias|
person,Noun,|people|
Peter,Noun,|Peters|
Pethahiah,Noun,|Pethahiahs|
Pethuel,Noun,|Pethuels|
Phanuel,Noun,|Phanuels|
Pharaoh,Noun,|Pharaohs|
Pharisee,Noun,|Pharisees|
Phicol,Noun,|Phicols|
Philemon,Noun,|Philemons|
Philip,Noun,|Philips|
Philippi,Noun,|Philippis|
Philippians,Noun,|Philippians|
Philistia,Noun,|Philistias|
Philistine,Noun,|Philistines|
Phinehas,Noun,|Phinehases|
Phoenicia,Noun,|Phoenicias|
Phoenician,Noun,|Phoenicians|
Phoenix,Noun,|Phoenixes|
Phrygia,Noun,|Phrygias|
pick,Noun,|picks|
picture,Noun,|pictures|
piece,Noun,|pieces|
pig,Noun,|pigs|
pigeon,Noun,|pigeons|
Pilate,Noun,|Pilates|
Pildash,Noun,|Pildashes|
pile,Noun,|piles|
Pilha,Noun,|Pilhas|
pillar,Noun,|pillars|
Piltai,Noun,|Piltais|
Pinon,Noun,|Pinons|
Piram,Noun,|Pirams|
Pirathon,Noun,|Pirathons|
Pisgah,Noun,|Pisgahs|
Pishon,Noun,|Pishons|
Pisidia,Noun,|Pisidias|
pistachio,Noun,|pistachios|
pit,Noun,|pits|
pitcher,Noun,|pitchers|
pitchfork,Noun,|pitchforks|
Pithom,Noun,|Pithoms|
pity,Noun,|pity|
place,Noun,|places|
plague,Noun,|plagues|
plain,Noun,|plains|
plan,Noun,|plans|
plant,Noun,|plants|
plastic,Noun,|plastic|
plate,Noun,|plates|
platter,Noun,|platters|
pleasure,Noun,|pleasures|
plow,Noun,|plows|
pocket,Noun,|pockets|
poem,Noun,|poems|
point,Noun,|points|
poison,Noun,|poison|
Pokereth-Hazzebaim,Noun,|Pokereth-Hazzebaims|
pole,Noun,|poles|
pomegranate,Noun,|pomegranates|
pond,Noun,|ponds|
Pontus,Noun,|Pontuses|
pool,Noun,|pools|
Poratha,Noun,|Porathas|
porch,Noun,|porches|
possession,Noun,|possessions|
post,Noun,|posts|
pot,Noun,|pots|
Potiphar,Noun,|Potiphars|
Potiphera,Noun,|Potipheras|
pound,Noun,|pounds|
power,Noun,|power|
Praetorium,Noun,|Praetoriums|
prayer,Noun,|prayers|
present,Noun,|present|
price,Noun,|prices|
priest,Noun,|priests|
prince,Noun,|princes|
princess,Noun,|princesses|
Priscilla,Noun,|Priscillas|
prison,Noun,|prisons|
prisoner,Noun,|prisoners|
prize,Noun,|prizes|
problem,Noun,|problems|
Procorus,Noun,|Procoruses|
profit,Noun,|profit|
promise,Noun,|promises|
property,Noun,|properties|
prophet,Noun,|prophets|
prostitute,Noun,|prostitutes|
proverb,Noun,|proverbs|
Proverbs,Noun,|Proverbs|
province,Noun,|provinces|
Psalms,Noun,|Psalms|
Ptolemais,Noun,|Ptolemaises|
Puah,Noun,|Puahs|
Publius,Noun,|Publiuses|
Pur,Noun,|Purs|
Purah,Noun,|Purahs|
Purim,Noun,|Purims|
purpose,Noun,|purposes|
purse,Noun,|purses|
pus,Noun,|pus|
Put,Noun,|Puts|
Puteoli,Noun,|Puteolis|
Putiel,Noun,|Putiels|
Pyrrhus,Noun,|Pyrrhuses|
quail,Noun,|quails|
quality,Noun,|qualities|
quart,Noun,|quarts|
queen,Noun,|queens|
Queen,Noun,|Queens|
question,Noun,|questions|
Quirinius,Noun,|Quiriniuses|
Raamah,Noun,|Raamahs|
Raamiah,Noun,|Raamiahs|
Rabbah,Noun,|Rabbahs|
rabbi,Noun,|rabbis|
Rabbith,Noun,|Rabbiths|
raca,Noun,|racas|
race,Noun,|races|
Rachel,Noun,|Rachels|
rage,Noun,|rage|
Rahab,Noun,|Rahabs|
rain,Noun,|rain|
rainbow,Noun,|rainbows|
raisin,Noun,|raisins|
Rakal,Noun,|Rakals|
Rakkath,Noun,|Rakkaths|
Rakkon,Noun,|Rakkons|
Ram,Noun,|Rams|
ram,Noun,|rams|
Ramah,Noun,|Ramahs|
Ramathaim,Noun,|Ramathaims|
Rameses,Noun,|Rameseses|
Ramoth,Noun,|Ramoths|
Rapha,Noun,|Raphas|
rat,Noun,|rats|
rattle,Noun,|rattles|
raven,Noun,|ravens|
Reaiah,Noun,|Reaiahs|
reason,Noun,|reasons|
Reba,Noun,|Rebas|
Rebekah,Noun,|Rebekahs|
rebel,Noun,|rebels|
reed,Noun,|reeds|
region,Noun,|regions|
Rehob,Noun,|Rehobs|
Rehoboam,Noun,|Rehoboams|
Rehoboth,Noun,|Rehoboths|
Rehum,Noun,|Rehums|
Rei,Noun,|Reis|
Rekab,Noun,|Rekabs|
Rekem,Noun,|Rekems|
relationship,Noun,|relationships|
relative,Noun,|relatives|
religion,Noun,|religions|
Remeth,Noun,|Remeths|
Rephaiah,Noun,|Rephaiahs|
Rephaite,Noun,|Rephaites|
Rephan,Noun,|Rephans|
Rephidim,Noun,|Rephidims|
report,Noun,|reports|
representative,Noun,|representatives|
reptile,Noun,|reptiles|
Resen,Noun,|Resens|
result,Noun,|results|
resurrection,Noun,|resurrections|
Reu,Noun,|Reus|
Reuben,Noun,|Reubens|
Reuel,Noun,|Reuels|
Reumah,Noun,|Reumahs|
reward,Noun,|rewards|
Rezin,Noun,|Rezins|
Rhegium,Noun,|Rhegiums|
Rhesa,Noun,|Rhesas|
Rhoda,Noun,|Rhodas|
Rhodes,Noun,|Rhodeses|
rib,Noun,|ribs|
Ribai,Noun,|Ribais|
riddle,Noun,|riddles|
right,Noun,|rights|
righteousness,Noun,|righteousness|
Rimmon,Noun,|Rimmons|
ring,Noun,|rings|
Riphath,Noun,|Riphaths|
river,Noun,|rivers|
Rizpah,Noun,|Rizpahs|
road,Noun,|roads|
robe,Noun,|robes|
Rock,Noun,|Rocks|
rod,Noun,|rods|
Rodanite,Noun,|Rodanites|
Rogelim,Noun,|Rogelims|
Romans,Noun,|Romanses|
Rome,Noun,|Romes|
roof,Noun,|roofs|
room,Noun,|rooms|
rooster,Noun,|roosters|
root,Noun,|roots|
rope,Noun,|ropes|
Rosh,Noun,|Roshes|
row,Noun,|rows|
Rufus,Noun,|Rufuses|
rule,Noun,|rules|
ruler,Noun,|rulers|
rumor,Noun,|rumors|
rust,Noun,|rust|
Ruth,Noun,|Ruths|
Sabbath,Noun,|Sabbaths|
Sabean,Noun,|Sabeans|
Sabtah,Noun,|Sabtahs|
Sabteca,Noun,|Sabtecas|
sackcloth,Noun,|sackcloth|
sacrifice,Noun,|sacrifices|
saddle,Noun,|saddles|
Sadducee,Noun,|Sadducees|
sail,Noun,|sails|
saint,Noun,|saints|
Salamis,Noun,|Salamises|
Salekah,Noun,|Salekahs|
Salem,Noun,|Salems|
Salim,Noun,|Salims|
saliva,Noun,|saliva|
Sallei,Noun,|Salleis|
Sallu,Noun,|Sallus|
Salmon,Noun,|Salmons|
Salmone,Noun,|Salmones|
Salome,Noun,|Salomes|
salt,Noun,|salt|
salvation,Noun,|salvation|
Samaria,Noun,|Samarias|
Samaritan,Noun,|Samaritans|
Samlah,Noun,|Samlahs|
Samos,Noun,|Samoses|
Samothrace,Noun,|Samothraces|
Samson,Noun,|Samsons|
Samuel,Noun,|Samuels|
Sanballat,Noun,|Sanballats|
sand,Noun,|sand|
sandal,Noun,|sandals|
Sanhedrin,Noun,|Sanhedrins|
Sansannah,Noun,|Sansannahs|
Saph,Noun,|Saphs|
Sapphira,Noun,|Sapphiras|
Sarah,Noun,|Sarahs|
Sarai,Noun,|Sarais|
Sarid,Noun,|Sarids|
Satan,Noun,|Satans|
Saul,Noun,|Sauls|
Savior,Noun,|Saviors|
saw,Noun,|saws|
saying,Noun,|sayings|
scale,Noun,|scales|
scepter,Noun,|scepters|
Sceva,Noun,|Scevas|
school,Noun,|schools|
scorpion,Noun,|scorpions|
Scribe,Noun,|Scribes|
scripture,Noun,|scriptures|
scroll,Noun,|scrolls|
sea,Noun,|seas|
seah,Noun,|seahs|
seal,Noun,|seals|
season,Noun,|seasons|
seat,Noun,|seats|
Seba,Noun,|Sebas|
second,Noun,|seconds|
secret,Noun,|secrets|
secretary,Noun,|secretaries|
Secundus,Noun,|Secunduses|
seed,Noun,|seeds|
Seir,Noun,|Seirs|
Seirah,Noun,|Seirahs|
seizure,Noun,|seizures|
Sekakah,Noun,|Sekakahs|
Seku,Noun,|Sekus|
Sela,Noun,|Selas|
Seleucia,Noun,|Seleucias|
Semein,Noun,|Semeins|
semen,Noun,|semen|
Senaah,Noun,|Senaahs|
Seneh,Noun,|Senehs|
sentence,Noun,|sentences|
Sephar,Noun,|Sephars|
Serah,Noun,|Serahs|
Seraiah,Noun,|Seraiahs|
Sered,Noun,|Sereds|
Serug,Noun,|Serugs|
servant,Noun,|servants|
set,Noun,|sets|
Seth,Noun,|Seths|
Shaalabbin,Noun,|Shaalabbins|
Shaalbim,Noun,|Shaalbims|
Shaalbon,Noun,|Shaalbons|
Shaalim,Noun,|Shaalims|
Shaaraim,Noun,|Shaaraims|
Shaashgaz,Noun,|Shaashgazs|
Shabbethai,Noun,|Shabbethais|
shadow,Noun,|shadows|
Shadrach,Noun,|Shadraches|
Shahazumah,Noun,|Shahazumahs|
Shalisha,Noun,|Shalishas|
Shallum,Noun,|Shallums|
Shallun,Noun,|Shalluns|
Shalmai,Noun,|Shalmais|
shame,Noun,|shame|
Shamgar,Noun,|Shamgars|
Shamir,Noun,|Shamirs|
Shammah,Noun,|Shammahs|
Shammua,Noun,|Shammuas|
shape,Noun,|shapes|
Sharar,Noun,|Sharars|
Sharon,Noun,|Sharons|
Sharuhen,Noun,|Sharuhens|
Shaul,Noun,|Shauls|
Shaveh,Noun,|Shavehs|
shawl,Noun,|shawls|
sheaf,Noun,|sheaves|
Shealtiel,Noun,|Shealtiels|
Sheba,Noun,|Shebas|
Shebaniah,Noun,|Shebaniahs|
Shechem,Noun,|Shechems|
sheep,Noun,|sheep|
sheet,Noun,|sheets|
Shekaniah,Noun,|Shekaniahs|
shekel,Noun,|shekels|
Shelah,Noun,|Shelahs|
Shelemiah,Noun,|Shelemiahs|
Sheleph,Noun,|Shelephs|
shell,Noun,|shells|
shelter,Noun,|shelters|
Shem,Noun,|Shems|
Shema,Noun,|Shemas|
Shemaiah,Noun,|Shemaiahs|
Shemeber,Noun,|Shemebers|
Shemida,Noun,|Shemidas|
Shen,Noun,|Shens|
Sheol,Noun,|Sheols|
Shephatiah,Noun,|Shephatiahs|
shepherd,Noun,|shepherds|
Shepho,Noun,|Shephos|
Sherebiah,Noun,|Sherebiahs|
Sheshai,Noun,|Sheshais|
Shethar,Noun,|Shethars|
Sheva,Noun,|Shevas|
Shibah,Noun,|Shibahs|
Shibboleth,Noun,|Shibboleths|
shield,Noun,|shields|
shigionoth,Noun,|shigionoths|
Shikkeron,Noun,|Shikkerons|
Shilhim,Noun,|Shilhims|
Shillem,Noun,|Shillems|
Shiloh,Noun,|Shilohs|
Shimeah,Noun,|Shimeahs|
Shimei,Noun,|Shimeis|
Shimron,Noun,|Shimrons|
Shinab,Noun,|Shinabs|
Shinar,Noun,|Shinars|
Shion,Noun,|Shions|
ship,Noun,|ships|
Shiphrah,Noun,|Shiphrahs|
shirt,Noun,|shirts|
Shisha,Noun,|Shishas|
Shittim,Noun,|Shittims|
Shobab,Noun,|Shobabs|
Shobai,Noun,|Shobais|
Shobak,Noun,|Shobaks|
Shobal,Noun,|Shobals|
Shobek,Noun,|Shobeks|
Shobi,Noun,|Shobis|
shoe,Noun,|shoes|
shore,Noun,|shores|
shoulder,Noun,|shoulders|
Shua,Noun,|Shuas|
Shuah,Noun,|Shuahs|
Shual,Noun,|Shuals|
Shunem,Noun,|Shunems|
Shuni,Noun,|Shunis|
Shur,Noun,|Shurs|
Sia,Noun,|Sias|
Sibbekai,Noun,|Sibbekais|
Sibboleth,Noun,|Sibboleths|
Sibmah,Noun,|Sibmahs|
sickle,Noun,|sickles|
Siddim,Noun,|Siddims|
side,Noun,|sides|
Sidon,Noun,|Sidons|
Sidonian,Noun,|Sidonians|
sign,Noun,|signs|
Sihon,Noun,|Sihons|
Silas,Noun,|Silases|
Siloam,Noun,|Siloams|
silver,Noun,|silver|
Simeon,Noun,|Simeons|
Simon,Noun,|Simons|
sin,Noun,|sins|
Sin,Noun,|Sins|
Sinai,Noun,|Sinais|
singer,Noun,|singers|
Sinite,Noun,|Sinites|
sinner,Noun,|sinners|
Siphmoth,Noun,|Siphmoths|
Sirah,Noun,|Sirahs|
Sisera,Noun,|Siseras|
sister,Noun,|sisters|
Sithri,Noun,|Sithris|
Sitnah,Noun,|Sitnahs|
Sivan,Noun,|Sivans|
size,Noun,|sizes|
skill,Noun,|skills|
skin,Noun,|skins|
skull,Noun,|skulls|
sky,Noun,|skies|
slave,Noun,|slaves|
sleep,Noun,|sleep|
sling,Noun,|slings|
smoke,Noun,|smoke|
snake,Noun,|snakes|
snare,Noun,|snares|
snow,Noun,|snow|
soap,Noun,|soap|
Socoh,Noun,|Socohs|
Sodom,Noun,|Sodoms|
soil,Noun,|soil|
Sokoh,Noun,|Sokohs|
soldier,Noun,|soldiers|
Solomon,Noun,|Solomons|
son,Noun,|sons|
Son,Noun,|Sons|
son-in-law,Noun,|sons-in-law|
song,Noun,|songs|
Sopater,Noun,|Sopaters|
Sophereth,Noun,|Sophereths|
sorcerer,Noun,|sorcerers|
sore,Noun,|sores|
Sorek,Noun,|Soreks|
Sosthenes,Noun,|Sostheneses|
Sotai,Noun,|Sotais|
soul,Noun,|souls|
sound,Noun,|sounds|
south,Noun,|south|
space,Noun,|spaces|
sparrow,Noun,|sparrows|
spear,Noun,|spears|
spice,Noun,|spices|
spirit,Noun,|spirits|
Spirit,Noun,|Spirits|
sponge,Noun,|sponges|
spouse,Noun,|spouses|
spring,Noun,|springs|
spy,Noun,|spies|
square,Noun,|squares|
stable,Noun,|stables|
staff,Noun,|staffs|
stair,Noun,|stairs|
stalk,Noun,|stalks|
star,Noun,|stars|
statue,Noun,|statues|
step,Noun,|steps|
Stephen,Noun,|Stephens|
stick,Noun,|sticks|
stomach,Noun,|stomachs|
stone,Noun,|stones|
store,Noun,|stores|
storeroom,Noun,|storerooms|
storm,Noun,|storms|
story,Noun,|stories|
Straight,Noun,|Straights|
stranger,Noun,|strangers|
strap,Noun,|straps|
straw,Noun,|straw|
stream,Noun,|streams|
street,Noun,|streets|
strength,Noun,|strength|
string,Noun,|strings|
stripe,Noun,|stripes|
structure,Noun,|structures|
student,Noun,|students|
substance,Noun,|substances|
Succoth,Noun,|Succoths|
Sukkoth,Noun,|Sukkoths|
sulfur,Noun,|sulfur|
summer,Noun,|summers|
sun,Noun,|suns|
Sunday,Noun,|Sundaies|
sunrise,Noun,|sunrises|
surface,Noun,|surfaces|
Susa,Noun,|Susas|
Susanna,Noun,|Susannas|
swarm,Noun,|swarms|
sword,Noun,|swords|
Sychar,Noun,|Sychars|
synagogue,Noun,|synagogues|
Syntyche,Noun,|Syntyches|
Syracuse,Noun,|Syracuses|
Syria,Noun,|Syrias|
Syrtis,Noun,|Syrtises|
Taanach,Noun,|Taanaches|
Tabbaoth,Noun,|Tabbaoths|
Tabbath,Noun,|Tabbaths|
tabernacle,Noun,|tabernacles|
Tabitha,Noun,|Tabithas|
table,Noun,|tables|
tablet,Noun,|tablets|
Tabor,Noun,|Tabors|
Tahash,Noun,|Tahashes|
tail,Noun,|tails|
talent,Noun,|talents|
Talmai,Noun,|Talmais|
Talmon,Noun,|Talmons|
Tamar,Noun,|Tamars|
tambourine,Noun,|tambourines|
Taphath,Noun,|Taphaths|
Tappuah,Noun,|Tappuahs|
tar,Noun,|tar|
Taralah,Noun,|Taralahs|
Tarshish,Noun,|Tarshishes|
Tarsus,Noun,|Tarsuses|
tax,Noun,|taxes|
teacher,Noun,|teachers|
teaching,Noun,|teachings|
tear,Noun,|tears|
teaspoon,Noun,|teaspoons|
Tebah,Noun,|Tebahs|
Tebeth,Noun,|Tebeths|
Tekel,Noun,|Tekel|
Tekoa,Noun,|Tekoas|
Telaim,Noun,|Telaims|
Telem,Noun,|Telems|
Tema,Noun,|Temas|
Temah,Noun,|Temahs|
Teman,Noun,|Temans|
Temanite,Noun,|Temanites|
temple,Noun,|temples|
tendon,Noun,|tendons|
tent,Noun,|tents|
Terah,Noun,|Terahs|
Teresh,Noun,|Tereshes|
Terpen,Noun,|Terpens|
Tertullus,Noun,|Tertulluses|
Teshi,Noun,|Teshis|
test,Noun,|tests|
testicle,Noun,|testicles|
Thaddaeus,Noun,|Thaddaeuses|
Thebes,Noun,|Thebeses|
Thebez,Noun,|Thebezs|
Theophilus,Noun,|Theophiluses|
there,Noun,|theres|
Thessalonica,Noun,|Thessalonicas|
Theudas,Noun,|Theudases|
thief,Noun,|thieves|
thigh,Noun,|thighs|
thing,Noun,|things|
Thomas,Noun,|Thomases|
thorn,Noun,|thorns|
thought,Noun,|thoughts|
thread,Noun,|threads|
throat,Noun,|throats|
throne,Noun,|thrones|
thumb,Noun,|thumbs|
Thummim,Noun,|Thummims|
thunder,Noun,|thunder|
Thyatira,Noun,|Thyatiras|
Tiberias,Noun,|Tiberiases|
Tidal,Noun,|Tidals|
Tigris,Noun,|Tigrises|
Timaeus,Noun,|Timaeuses|
time,Noun,|times|
Timna,Noun,|Timnas|
Timnah,Noun,|Timnahs|
Timnath-Heres,Noun,|Timnath-Hereses|
Timon,Noun,|Timons|
Timothy,Noun,|Timothies|
tip,Noun,|tips|
Tiphsah,Noun,|Tiphsahs|
Tiras,Noun,|Tirases|
Tirzah,Noun,|Tirzahs|
tithe,Noun,|tithes|
Titus,Noun,|Tituses|
Tob,Noun,|Tobs|
Tobiah,Noun,|Tobiahs|
today,Noun,|today|
toe,Noun,|toes|
Togarmah,Noun,|Togarmahs|
Tohu,Noun,|Tohus|
Tola,Noun,|Tolas|
tomb,Noun,|tombs|
tomorrow,Noun,|tomorrows|
ton,Noun,|tons|
tongue,Noun,|tongues|
tool,Noun,|tools|
tooth,Noun,|teeth|
top,Noun,|tops|
topaz,Noun,|topaz|
torch,Noun,|torches|
Tou,Noun,|Tous|
towel,Noun,|towels|
tower,Noun,|towers|
town,Noun,|towns|
Traconitis,Noun,|Traconitises|
tradition,Noun,|traditions|
trap,Noun,|traps|
treasure,Noun,|treasures|
treasurer,Noun,|treasurers|
treasury,Noun,|treasuries|
treaty,Noun,|treaties|
tree,Noun,|trees|
trench,Noun,|trenches|
tribe,Noun,|tribes|
Troas,Noun,|Troases|
Trophimus,Noun,|Trophimuses|
trouble,Noun,|trouble|
trough,Noun,|troughs|
trumpet,Noun,|trumpets|
truth,Noun,|truth|
Tubal,Noun,|Tubals|
Tubal-Cain,Noun,|Tubal-Cains|
tumor,Noun,|tumors|
tunnel,Noun,|tunnels|
Turkey,Noun,|Turkeies|
twin,Noun,|twins|
Tychicus,Noun,|Tychicuses|
Tyrannus,Noun,|Tyrannuses|
Tyre,Noun,|Tyres|
Ulai,Noun,|Ulais|
Ummah,Noun,|Ummahs|
uncle,Noun,|uncles|
universe,Noun,|universes|
Unni,Noun,|Unnis|
Uphaz,Noun,|Uphazs|
Ur,Noun,|Urs|
Uri,Noun,|Uris|
Uriah,Noun,|Uriahs|
Urim,Noun,|Urims|
Uz,Noun,|Uzs|
Uzai,Noun,|Uzais|
Uzal,Noun,|Uzals|
Uzza,Noun,|Uzzas|
Uzzah,Noun,|Uzzahs|
Uzzi,Noun,|Uzzis|
Uzziah,Noun,|Uzziahs|
Uzziel,Noun,|Uzziels|
vaccine,Noun,|vaccines|
Vaizatha,Noun,|Vaizathas|
valley,Noun,|valleys|
value,Noun,|values|
Vashti,Noun,|Vashtis|
vault,Noun,|vaults|
vegetable,Noun,|vegetables|
vehicle,Noun,|vehicles|
veil,Noun,|veils|
verse,Noun,|verses|
veterinarian,Noun,|veterinarians|
village,Noun,|villages|
vine,Noun,|vines|
vinegar,Noun,|vinegar|
vineyard,Noun,|vineyards|
violence,Noun,|violence|
viper,Noun,|vipers|
virgin,Noun,|virgins|
vision,Noun,|visions|
voice,Noun,|voices|
vow,Noun,|vows|
vulture,Noun,|vultures|
wage,Noun,|wages|
wagon,Noun,|wagons|
waist,Noun,|waists|
wall,Noun,|walls|
war,Noun,|wars|
warrior,Noun,|warriors|
water,Noun,|water|
wave,Noun,|waves|
way,Noun,|ways|
Way,Noun,|Way|
wealth,Noun,|wealth|
weapon,Noun,|weapons|
weather,Noun,|weather|
wedding,Noun,|weddings|
weed,Noun,|weeds|
week,Noun,|weeks|
weight,Noun,|weights|
well,Noun,|wells|
west,Noun,|west|
wheat,Noun,|wheat|
wheel,Noun,|wheels|
whip,Noun,|whips|
whirlwind,Noun,|whirlwinds|
widow,Noun,|widows|
width,Noun,|widths|
wife,Noun,|wives|
wilderness,Noun,|wildernesses|
will,Noun,|wills|
wind,Noun,|wind|
window,Noun,|windows|
wine,Noun,|wine|
winepress,Noun,|winepresses|
wineskin,Noun,|wineskins|
wing,Noun,|wings|
winter,Noun,|winters|
wire,Noun,|wires|
wisdom,Noun,|wisdom|
witchcraft,Noun,|witchcraft|
wolf,Noun,|wolves|
woman,Noun,|women|
womb,Noun,|wombs|
wonder,Noun,|wonders|
wood,Noun,|wood|
wool,Noun,|wool|
word,Noun,|words|
work,Noun,|work|
worker,Noun,|workers|
world,Noun,|worlds|
worm,Noun,|worms|
wormwood,Noun,|wormwood|
wound,Noun,|wounds|
wrath,Noun,|wrath|
wreath,Noun,|wreaths|
Xerxes,Noun,|Xerxeses|
Yahweh,Noun,|Yahwehs|
yard,Noun,|yards|
Yatima,Noun,|Yatimas|
year,Noun,|years|
yeast,Noun,|yeast|
yoke,Noun,|yokes|
Zaanannim,Noun,|Zaanannims|
Zaavan,Noun,|Zaavans|
Zabbai,Noun,|Zabbais|
Zabdi,Noun,|Zabdis|
Zabdiel,Noun,|Zabdiels|
Zabud,Noun,|Zabuds|
Zacchaeus,Noun,|Zacchaeuses|
Zadok,Noun,|Zadoks|
Zakkai,Noun,|Zakkais|
Zakkur,Noun,|Zakkurs|
Zalaph,Noun,|Zalaphs|
Zalmon,Noun,|Zalmons|
Zalmunna,Noun,|Zalmunnas|
Zanoah,Noun,|Zanoahs|
Zaphenath-Panea,Noun,|Zaphenath-Paneas|
Zaphon,Noun,|Zaphons|
Zarephath,Noun,|Zarephaths|
Zarethan,Noun,|Zarethans|
Zattu,Noun,|Zattus|
Zealot,Noun,|Zealots|
Zebah,Noun,|Zebahs|
Zebedee,Noun,|Zebedees|
Zeboiim,Noun,|Zeboiims|
Zeboim,Noun,|Zeboims|
Zebul,Noun,|Zebuls|
Zebulun,Noun,|Zebuluns|
Zechariah,Noun,|Zechariahs|
Zedekiah,Noun,|Zedekiahs|
Zeeb,Noun,|Zeebs|
Zela,Noun,|Zelas|
Zelah,Noun,|Zelahs|
Zelek,Noun,|Zeleks|
Zelophehad,Noun,|Zelophehads|
Zelzah,Noun,|Zelzahs|
Zemaraim,Noun,|Zemaraims|
Zemarite,Noun,|Zemarites|
Zenan,Noun,|Zenans|
Zenas,Noun,|Zenases|
Zeno,Noun,|Zenos|
Zephath,Noun,|Zephaths|
Zepho,Noun,|Zephos|
Zephon,Noun,|Zephons|
Zer,Noun,|Zers|
Zerah,Noun,|Zerahs|
Zerephath,Noun,|Zerephaths|
Zererah,Noun,|Zererahs|
Zeresh,Noun,|Zereshes|
Zeror,Noun,|Zerors|
Zerubbabel,Noun,|Zerubbabels|
Zeruiah,Noun,|Zeruiahs|
Zethar,Noun,|Zethars|
Zeus,Noun,|Zeuses|
Ziba,Noun,|Zibas|
Zibeon,Noun,|Zibeons|
Ziddim,Noun,|Ziddims|
Ziha,Noun,|Zihas|
Ziklag,Noun,|Ziklags|
Zikri,Noun,|Zikris|
Zillah,Noun,|Zillahs|
Zilpah,Noun,|Zilpahs|
Zimran,Noun,|Zimrans|
Zimri,Noun,|Zimris|
Zin,Noun,|Zins|
Zion,Noun,|Zions|
Zior,Noun,|Ziors|
Ziph,Noun,|Ziphs|
Zippor,Noun,|Zippors|
Zipporah,Noun,|Zipporahs|
Ziv,Noun,|Zivs|
Zoar,Noun,|Zoars|
Zobah,Noun,|Zobahs|
Zohar,Noun,|Zohars|
Zorah,Noun,|Zorahs|
Zuph,Noun,|Zuphs|
Zur,Noun,|Zurs|
Zuzite,Noun,|Zuzites|
